filename,width,height,class,xmin,ymin,xmax,ymax
/media/ofotechjkr/storage01/tf_object_detection/models/model_name/training/train/traffic_sign/MA0700UL1000T011_Driver_Cam_0000569.jpg,800,600,traffic_sign,292,239,355,312
/media/ofotechjkr/storage01/tf_object_detection/models/model_name/training/train/traffic_sign/PE3001DL1001T000_Driver_Cam_0000042.jpg,800,600,traffic_sign,163,221,215,288
/media/ofotechjkr/storage01/tf_object_detection/models/model_name/training/train/traffic_sign/JE0500UL1000T006_Passenger_Cam_0000302.jpg,640,480,traffic_sign,43,238,103,419
/media/ofotechjkr/storage01/tf_object_detection/models/model_name/training/train/traffic_sign/JE0500DL1006T000_Driver_Cam_0001062.jpg,640,480,traffic_sign,170,123,218,168
/media/ofotechjkr/storage01/tf_object_detection/models/model_name/training/train/traffic_sign/JE0100DL1010T000_Passenger_Cam_0000172.jpg,640,480,traffic_sign,436,2,640,131
/media/ofotechjkr/storage01/tf_object_detection/models/model_name/training/train/traffic_sign/JE0800UL1000T018_Passenger_Cam_0002238.jpg,640,480,traffic_sign,220,205,355,363
/media/ofotechjkr/storage01/tf_object_detection/models/model_name/training/train/traffic_sign/JE0100DL1010T000_Passenger_Cam_0002093.jpg,640,480,traffic_sign,513,127,640,199
/media/ofotechjkr/storage01/tf_object_detection/models/model_name/training/train/traffic_sign/JE0100UL1000T010_Driver_Cam_0002021.jpg,640,480,traffic_sign,130,175,178,232
/media/ofotechjkr/storage01/tf_object_detection/models/model_name/training/train/traffic_sign/JE0500UL1000T006_Passenger_Cam_0000793.jpg,640,480,traffic_sign,369,136,453,240
/media/ofotechjkr/storage01/tf_object_detection/models/model_name/training/train/traffic_sign/JE0500DL1006T000_Passenger_Cam_0000947.jpg,640,480,traffic_sign,548,197,612,342
/media/ofotechjkr/storage01/tf_object_detection/models/model_name/training/train/traffic_sign/JE0800DL1018T000_Driver_Cam_0000483.jpg,640,480,traffic_sign,61,190,143,295
/media/ofotechjkr/storage01/tf_object_detection/models/model_name/training/train/traffic_sign/JE0800DL1018T000_Passenger_Cam_0002838.jpg,640,480,traffic_sign,345,199,471,357
/media/ofotechjkr/storage01/tf_object_detection/models/model_name/training/train/traffic_sign/MA0700UL1000T011_Driver_Cam_0000370.jpg,800,600,traffic_sign,735,224,799,299
/media/ofotechjkr/storage01/tf_object_detection/models/model_name/training/train/traffic_sign/JE0800UL1000T018_Driver_Cam_0001994.jpg,640,480,traffic_sign,553,204,604,266
/media/ofotechjkr/storage01/tf_object_detection/models/model_name/training/train/traffic_sign/JE0800UL1000T018_Driver_Cam_0002592.jpg,640,480,traffic_sign,194,205,232,256
/media/ofotechjkr/storage01/tf_object_detection/models/model_name/training/train/traffic_sign/JE0500DL1006T000_Passenger_Cam_0000950.jpg,640,480,traffic_sign,123,232,193,414
/media/ofotechjkr/storage01/tf_object_detection/models/model_name/training/train/traffic_sign/JE0100DL1010T000_Driver_Cam_0000232.jpg,640,480,traffic_sign,531,190,564,236
/media/ofotechjkr/storage01/tf_object_detection/models/model_name/training/train/traffic_sign/JE1500UL1000T014_Driver_Cam_0001426.jpg,640,480,traffic_sign,400,175,427,224
/media/ofotechjkr/storage01/tf_object_detection/models/model_name/training/train/traffic_sign/JE1500UL1000T014_Driver_Cam_0001426.jpg,640,480,traffic_sign,185,171,209,215
/media/ofotechjkr/storage01/tf_object_detection/models/model_name/training/train/traffic_sign/JE0800UL1000T018_Passenger_Cam_0001596.jpg,640,480,traffic_sign,462,211,554,325
/media/ofotechjkr/storage01/tf_object_detection/models/model_name/training/train/traffic_sign/JE0800DL1018T000_Driver_Cam_0003206.jpg,640,480,traffic_sign,423,188,453,224
/media/ofotechjkr/storage01/tf_object_detection/models/model_name/training/train/traffic_sign/JE0100UL1000T010_Passenger_Cam_0000073.jpg,640,480,traffic_sign,60,0,160,147
/media/ofotechjkr/storage01/tf_object_detection/models/model_name/training/train/traffic_sign/JE0800DL1018T000_Driver_Cam_0002396.jpg,640,480,traffic_sign,239,178,280,226
/media/ofotechjkr/storage01/tf_object_detection/models/model_name/training/train/traffic_sign/JE0500DL1006T000_Driver_Cam_0000690.jpg,640,480,traffic_sign,136,199,181,261
/media/ofotechjkr/storage01/tf_object_detection/models/model_name/training/train/traffic_sign/PE3001DL1001T000_Driver_Cam_0000048.jpg,800,600,traffic_sign,28,234,100,317
/media/ofotechjkr/storage01/tf_object_detection/models/model_name/training/train/traffic_sign/MA0700UL1000T011_Driver_Cam_0000565.jpg,800,600,traffic_sign,7,225,73,309
/media/ofotechjkr/storage01/tf_object_detection/models/model_name/training/train/traffic_sign/JE0100DL1010T000_Driver_Cam_0001431.jpg,640,480,traffic_sign,486,195,515,230
/media/ofotechjkr/storage01/tf_object_detection/models/model_name/training/train/traffic_sign/MA0700UL1000T011_Driver_Cam_0001010.jpg,800,600,traffic_sign,538,232,574,281
/media/ofotechjkr/storage01/tf_object_detection/models/model_name/training/train/traffic_sign/JE0100DL1010T000_Passenger_Cam_0000189.jpg,640,480,traffic_sign,601,189,631,246
/media/ofotechjkr/storage01/tf_object_detection/models/model_name/training/train/traffic_sign/JE0800DL1018T000_Passenger_Cam_0003436.jpg,640,480,traffic_sign,463,190,543,287
/media/ofotechjkr/storage01/tf_object_detection/models/model_name/training/train/traffic_sign/JE0500UL1000T006_Passenger_Cam_0000222.jpg,640,480,traffic_sign,394,172,474,268
/media/ofotechjkr/storage01/tf_object_detection/models/model_name/training/train/traffic_sign/JE0100DL1010T000_Driver_Cam_0000269.jpg,640,480,traffic_sign,562,188,608,242
/media/ofotechjkr/storage01/tf_object_detection/models/model_name/training/train/traffic_sign/JE0701DL1001T000_Driver_Cam_0000098.jpg,640,480,traffic_sign,504,201,551,271
/media/ofotechjkr/storage01/tf_object_detection/models/model_name/training/train/traffic_sign/MA0700UL1000T011_Driver_Cam_0001431.jpg,800,600,traffic_sign,478,228,516,277
/media/ofotechjkr/storage01/tf_object_detection/models/model_name/training/train/traffic_sign/MA0700UL1000T011_Passenger_Cam_0001842.jpg,800,600,traffic_sign,667,260,774,396
/media/ofotechjkr/storage01/tf_object_detection/models/model_name/training/train/traffic_sign/JE0800DL1018T000_Driver_Cam_0002301.jpg,640,480,traffic_sign,38,208,102,310
/media/ofotechjkr/storage01/tf_object_detection/models/model_name/training/train/traffic_sign/JE0100DL1010T000_Passenger_Cam_0001802.jpg,640,480,traffic_sign,422,195,520,314
/media/ofotechjkr/storage01/tf_object_detection/models/model_name/training/train/traffic_sign/JE0800UL1000T018_Driver_Cam_0001726.jpg,640,480,traffic_sign,539,185,587,242
/media/ofotechjkr/storage01/tf_object_detection/models/model_name/training/train/traffic_sign/JE0500UL1000T006_Passenger_Cam_0000956.jpg,640,480,traffic_sign,321,24,633,213
/media/ofotechjkr/storage01/tf_object_detection/models/model_name/training/train/traffic_sign/JE0500UL1000T006_Driver_Cam_0000754.jpg,640,480,traffic_sign,493,193,520,231
/media/ofotechjkr/storage01/tf_object_detection/models/model_name/training/train/traffic_sign/MA0700UL1000T011_Driver_Cam_0000293.jpg,800,600,traffic_sign,605,198,652,255
/media/ofotechjkr/storage01/tf_object_detection/models/model_name/training/train/traffic_sign/JE0800UL1000T018_Passenger_Cam_0003329.jpg,640,480,traffic_sign,498,197,585,313
/media/ofotechjkr/storage01/tf_object_detection/models/model_name/training/train/traffic_sign/JE0100UL1000T010_Driver_Cam_0001348.jpg,640,480,traffic_sign,484,187,509,219
/media/ofotechjkr/storage01/tf_object_detection/models/model_name/training/train/traffic_sign/JE0800DL1018T000_Driver_Cam_0003177.jpg,640,480,traffic_sign,157,154,186,213
/media/ofotechjkr/storage01/tf_object_detection/models/model_name/training/train/traffic_sign/JE0100DL1010T000_Passenger_Cam_0000382.jpg,640,480,traffic_sign,349,0,537,226
/media/ofotechjkr/storage01/tf_object_detection/models/model_name/training/train/traffic_sign/JE0800UL1000T018_Driver_Cam_0000946.jpg,640,480,traffic_sign,530,188,565,230
/media/ofotechjkr/storage01/tf_object_detection/models/model_name/training/train/traffic_sign/MA0700UL1000T011_Driver_Cam_0000972.jpg,800,600,traffic_sign,747,243,792,299
/media/ofotechjkr/storage01/tf_object_detection/models/model_name/training/train/traffic_sign/JE0100DL1010T000_Driver_Cam_0001983.jpg,640,480,traffic_sign,0,216,59,304
/media/ofotechjkr/storage01/tf_object_detection/models/model_name/training/train/traffic_sign/JE0500UL1000T006_Passenger_Cam_0000448.jpg,640,480,traffic_sign,458,63,555,160
/media/ofotechjkr/storage01/tf_object_detection/models/model_name/training/train/traffic_sign/MA0700UL1000T011_Driver_Cam_0000546.jpg,800,600,traffic_sign,697,220,742,278
/media/ofotechjkr/storage01/tf_object_detection/models/model_name/training/train/traffic_sign/MA0700UL1000T011_Driver_Cam_0001723.jpg,800,600,traffic_sign,677,207,725,262
/media/ofotechjkr/storage01/tf_object_detection/models/model_name/training/train/traffic_sign/MA0700UL1000T011_Driver_Cam_0000941.jpg,800,600,traffic_sign,628,247,683,316
/media/ofotechjkr/storage01/tf_object_detection/models/model_name/training/train/traffic_sign/JE0100UL1000T010_Passenger_Cam_0001979.jpg,640,480,traffic_sign,566,157,640,274
/media/ofotechjkr/storage01/tf_object_detection/models/model_name/training/train/traffic_sign/MA0700UL1000T011_Driver_Cam_0001673.jpg,800,600,traffic_sign,243,171,294,235
/media/ofotechjkr/storage01/tf_object_detection/models/model_name/training/train/traffic_sign/JE1500UL1000T014_Driver_Cam_0000503.jpg,640,480,traffic_sign,10,205,57,309
/media/ofotechjkr/storage01/tf_object_detection/models/model_name/training/train/traffic_sign/JE0100DL1010T000_Driver_Cam_0000233.jpg,640,480,traffic_sign,466,183,501,228
/media/ofotechjkr/storage01/tf_object_detection/models/model_name/training/train/traffic_sign/JE0100DL1010T000_Passenger_Cam_0000892.jpg,640,480,traffic_sign,446,223,527,323
/media/ofotechjkr/storage01/tf_object_detection/models/model_name/training/train/traffic_sign/JE0100UL1000T010_Driver_Cam_0000734.jpg,640,480,traffic_sign,164,191,201,241
/media/ofotechjkr/storage01/tf_object_detection/models/model_name/training/train/traffic_sign/JE0100DL1010T000_Driver_Cam_0000728.jpg,640,480,traffic_sign,121,195,160,244
/media/ofotechjkr/storage01/tf_object_detection/models/model_name/training/train/traffic_sign/JE0500UL1000T006_Driver_Cam_0000756.jpg,640,480,traffic_sign,583,214,620,262
/media/ofotechjkr/storage01/tf_object_detection/models/model_name/training/train/traffic_sign/JE0500UL1000T006_Driver_Cam_0000281.jpg,640,480,traffic_sign,565,203,602,246
/media/ofotechjkr/storage01/tf_object_detection/models/model_name/training/train/traffic_sign/JE1500DL1014T000_Passenger_Cam_0002626.jpg,640,480,traffic_sign,466,198,532,341
/media/ofotechjkr/storage01/tf_object_detection/models/model_name/training/train/traffic_sign/MA0700UL1000T011_Driver_Cam_0000395.jpg,800,600,traffic_sign,314,211,374,281
/media/ofotechjkr/storage01/tf_object_detection/models/model_name/training/train/traffic_sign/JE0500DL1006T000_Driver_Cam_0000717.jpg,640,480,traffic_sign,21,153,67,205
/media/ofotechjkr/storage01/tf_object_detection/models/model_name/training/train/traffic_sign/MA0700UL1000T011_Passenger_Cam_0000863.jpg,800,600,traffic_sign,464,261,608,453
/media/ofotechjkr/storage01/tf_object_detection/models/model_name/training/train/traffic_sign/MA0700UL1000T011_Driver_Cam_0002008.jpg,800,600,traffic_sign,661,229,717,300
/media/ofotechjkr/storage01/tf_object_detection/models/model_name/training/train/traffic_sign/JE0800DL1018T000_Driver_Cam_0001011.jpg,640,480,traffic_sign,117,193,173,266
/media/ofotechjkr/storage01/tf_object_detection/models/model_name/training/train/traffic_sign/MA0700UL1000T011_Driver_Cam_0001452.jpg,800,600,traffic_sign,485,234,522,283
/media/ofotechjkr/storage01/tf_object_detection/models/model_name/training/train/traffic_sign/MA0700UL1000T011_Driver_Cam_0000428.jpg,800,600,traffic_sign,434,207,492,273
/media/ofotechjkr/storage01/tf_object_detection/models/model_name/training/train/traffic_sign/JE0800UL1000T018_Passenger_Cam_0002152.jpg,640,480,traffic_sign,538,213,621,319
/media/ofotechjkr/storage01/tf_object_detection/models/model_name/training/train/traffic_sign/JE0100UL1000T010_Driver_Cam_0000736.jpg,640,480,traffic_sign,2,216,61,287
/media/ofotechjkr/storage01/tf_object_detection/models/model_name/training/train/traffic_sign/JE0500DL1006T000_Passenger_Cam_0000306.jpg,640,480,traffic_sign,102,144,230,296
/media/ofotechjkr/storage01/tf_object_detection/models/model_name/training/train/traffic_sign/JE0100UL1000T010_Driver_Cam_0000429.jpg,640,480,traffic_sign,437,197,463,234
/media/ofotechjkr/storage01/tf_object_detection/models/model_name/training/train/traffic_sign/MA0700UL1000T011_Driver_Cam_0000300.jpg,800,600,traffic_sign,244,241,299,316
/media/ofotechjkr/storage01/tf_object_detection/models/model_name/training/train/traffic_sign/JE0800DL1018T000_Driver_Cam_0002184.jpg,640,480,traffic_sign,478,194,515,246
/media/ofotechjkr/storage01/tf_object_detection/models/model_name/training/train/traffic_sign/JE0800DL1018T000_Driver_Cam_0003411.jpg,640,480,traffic_sign,505,197,537,240
/media/ofotechjkr/storage01/tf_object_detection/models/model_name/training/train/traffic_sign/MA0700UL1000T011_Driver_Cam_0001487.jpg,800,600,traffic_sign,475,220,508,262
/media/ofotechjkr/storage01/tf_object_detection/models/model_name/training/train/traffic_sign/JE0800DL1018T000_Driver_Cam_0001758.jpg,640,480,traffic_sign,70,202,125,270
/media/ofotechjkr/storage01/tf_object_detection/models/model_name/training/train/traffic_sign/MA0700UL1000T011_Driver_Cam_0001085.jpg,800,600,traffic_sign,221,214,272,280
/media/ofotechjkr/storage01/tf_object_detection/models/model_name/training/train/traffic_sign/JE0800UL1000T018_Driver_Cam_0003307.jpg,640,480,traffic_sign,335,178,370,224
/media/ofotechjkr/storage01/tf_object_detection/models/model_name/training/train/traffic_sign/MA0700UL1000T011_Passenger_Cam_0000571.jpg,800,600,traffic_sign,388,245,510,405
/media/ofotechjkr/storage01/tf_object_detection/models/model_name/training/train/traffic_sign/MA0700UL1000T011_Driver_Cam_0000363.jpg,800,600,traffic_sign,563,247,605,298
/media/ofotechjkr/storage01/tf_object_detection/models/model_name/training/train/traffic_sign/JE0800DL1018T000_Passenger_Cam_0003094.jpg,640,480,traffic_sign,551,203,617,291
/media/ofotechjkr/storage01/tf_object_detection/models/model_name/training/train/traffic_sign/JE0500UL1000T006_Driver_Cam_0000917.jpg,640,480,traffic_sign,83,143,135,196
/media/ofotechjkr/storage01/tf_object_detection/models/model_name/training/train/traffic_sign/JE0500UL1000T006_Driver_Cam_0000940.jpg,640,480,traffic_sign,577,178,622,234
/media/ofotechjkr/storage01/tf_object_detection/models/model_name/training/train/traffic_sign/MA0700UL1000T011_Driver_Cam_0000621.jpg,800,600,traffic_sign,130,126,232,220
/media/ofotechjkr/storage01/tf_object_detection/models/model_name/training/train/traffic_sign/JE0100DL1010T000_Passenger_Cam_0002107.jpg,640,480,traffic_sign,169,71,416,215
/media/ofotechjkr/storage01/tf_object_detection/models/model_name/training/train/traffic_sign/MA0700UL1000T011_Driver_Cam_0000294.jpg,800,600,traffic_sign,483,210,541,280
/media/ofotechjkr/storage01/tf_object_detection/models/model_name/training/train/traffic_sign/MA0700UL1000T011_Driver_Cam_0001290.jpg,800,600,traffic_sign,644,235,701,309
/media/ofotechjkr/storage01/tf_object_detection/models/model_name/training/train/traffic_sign/JE0800UL1000T018_Driver_Cam_0003595.jpg,640,480,traffic_sign,113,201,165,264
/media/ofotechjkr/storage01/tf_object_detection/models/model_name/training/train/traffic_sign/MA0700UL1000T011_Driver_Cam_0000572.jpg,800,600,traffic_sign,559,231,596,282
/media/ofotechjkr/storage01/tf_object_detection/models/model_name/training/train/traffic_sign/JE0800DL1018T000_Driver_Cam_0002401.jpg,640,480,traffic_sign,319,195,347,236
/media/ofotechjkr/storage01/tf_object_detection/models/model_name/training/train/traffic_sign/MA0700UL1000T011_Driver_Cam_0001880.jpg,800,600,traffic_sign,470,233,522,294
/media/ofotechjkr/storage01/tf_object_detection/models/model_name/training/train/traffic_sign/JE0800UL1000T018_Driver_Cam_0003219.jpg,640,480,traffic_sign,579,225,627,287
/media/ofotechjkr/storage01/tf_object_detection/models/model_name/training/train/traffic_sign/MA0700UL1000T011_Passenger_Cam_0000405.jpg,800,600,traffic_sign,545,229,673,395
/media/ofotechjkr/storage01/tf_object_detection/models/model_name/training/train/traffic_sign/JE0500UL1000T006_Driver_Cam_0000949.jpg,640,480,traffic_sign,551,198,592,245
/media/ofotechjkr/storage01/tf_object_detection/models/model_name/training/train/traffic_sign/JE0500DL1006T000_Driver_Cam_0000663.jpg,640,480,traffic_sign,458,200,486,238
/media/ofotechjkr/storage01/tf_object_detection/models/model_name/training/train/traffic_sign/MA0700UL1000T011_Driver_Cam_0001595.jpg,800,600,traffic_sign,65,231,141,323
/media/ofotechjkr/storage01/tf_object_detection/models/model_name/training/train/traffic_sign/JE0800UL1000T018_Driver_Cam_0001424.jpg,640,480,traffic_sign,67,164,116,230
/media/ofotechjkr/storage01/tf_object_detection/models/model_name/training/train/traffic_sign/JE0100DL1010T000_Driver_Cam_0000710.jpg,640,480,traffic_sign,46,191,98,266
/media/ofotechjkr/storage01/tf_object_detection/models/model_name/training/train/traffic_sign/PE3001DL1001T000_Driver_Cam_0000076.jpg,800,600,traffic_sign,193,220,240,283
/media/ofotechjkr/storage01/tf_object_detection/models/model_name/training/train/traffic_sign/JE0800DL1018T000_Driver_Cam_0001997.jpg,640,480,traffic_sign,102,204,157,267
/media/ofotechjkr/storage01/tf_object_detection/models/model_name/training/train/traffic_sign/MA0700UL1000T011_Driver_Cam_0000927.jpg,800,600,traffic_sign,623,225,661,271
/media/ofotechjkr/storage01/tf_object_detection/models/model_name/training/train/traffic_sign/JE0100DL1010T000_Driver_Cam_0000855.jpg,640,480,traffic_sign,178,196,211,238
/media/ofotechjkr/storage01/tf_object_detection/models/model_name/training/train/traffic_sign/JE0800UL1000T018_Driver_Cam_0001206.jpg,640,480,traffic_sign,47,196,95,267
/media/ofotechjkr/storage01/tf_object_detection/models/model_name/training/train/traffic_sign/MA0700UL1000T011_Driver_Cam_0002296.jpg,800,600,traffic_sign,536,200,596,277
/media/ofotechjkr/storage01/tf_object_detection/models/model_name/training/train/traffic_sign/JE0800UL1000T018_Driver_Cam_0001648.jpg,640,480,traffic_sign,162,200,188,256
/media/ofotechjkr/storage01/tf_object_detection/models/model_name/training/train/traffic_sign/JE0800UL1000T018_Driver_Cam_0001648.jpg,640,480,traffic_sign,553,210,579,265
/media/ofotechjkr/storage01/tf_object_detection/models/model_name/training/train/traffic_sign/JE0800UL1000T018_Driver_Cam_0001648.jpg,640,480,traffic_sign,524,202,548,256
/media/ofotechjkr/storage01/tf_object_detection/models/model_name/training/train/traffic_sign/JE0800UL1000T018_Driver_Cam_0001648.jpg,640,480,traffic_sign,505,194,527,249
/media/ofotechjkr/storage01/tf_object_detection/models/model_name/training/train/traffic_sign/JE0800UL1000T018_Driver_Cam_0001648.jpg,640,480,traffic_sign,203,189,225,240
/media/ofotechjkr/storage01/tf_object_detection/models/model_name/training/train/traffic_sign/JE0800UL1000T018_Driver_Cam_0001648.jpg,640,480,traffic_sign,179,195,206,248
/media/ofotechjkr/storage01/tf_object_detection/models/model_name/training/train/traffic_sign/MA0700UL1000T011_Driver_Cam_0001307.jpg,800,600,traffic_sign,71,239,164,354
/media/ofotechjkr/storage01/tf_object_detection/models/model_name/training/train/traffic_sign/MA0700UL1000T011_Driver_Cam_0001667.jpg,800,600,traffic_sign,600,203,636,252
/media/ofotechjkr/storage01/tf_object_detection/models/model_name/training/train/traffic_sign/MA0700UL1000T011_Driver_Cam_0000590.jpg,800,600,traffic_sign,303,202,346,262
/media/ofotechjkr/storage01/tf_object_detection/models/model_name/training/train/traffic_sign/MA0700UL1000T011_Driver_Cam_0002153.jpg,800,600,traffic_sign,726,246,785,317
/media/ofotechjkr/storage01/tf_object_detection/models/model_name/training/train/traffic_sign/MA0700UL1000T011_Driver_Cam_0000620.jpg,800,600,traffic_sign,205,147,288,221
/media/ofotechjkr/storage01/tf_object_detection/models/model_name/training/train/traffic_sign/JE0800UL1000T018_Driver_Cam_0002593.jpg,640,480,traffic_sign,115,200,165,265
/media/ofotechjkr/storage01/tf_object_detection/models/model_name/training/train/traffic_sign/MA0700UL1000T011_Passenger_Cam_0001088.jpg,800,600,traffic_sign,397,179,552,363
/media/ofotechjkr/storage01/tf_object_detection/models/model_name/training/train/traffic_sign/JE0800UL1000T018_Driver_Cam_0001992.jpg,640,480,traffic_sign,404,185,434,227
/media/ofotechjkr/storage01/tf_object_detection/models/model_name/training/train/traffic_sign/JE0800DL1018T000_Driver_Cam_0003093.jpg,640,480,traffic_sign,91,199,139,262
/media/ofotechjkr/storage01/tf_object_detection/models/model_name/training/train/traffic_sign/JE0800DL1018T000_Driver_Cam_0001179.jpg,640,480,traffic_sign,485,221,521,266
/media/ofotechjkr/storage01/tf_object_detection/models/model_name/training/train/traffic_sign/JE0100DL1010T000_Driver_Cam_0000694.jpg,640,480,traffic_sign,129,178,180,242
/media/ofotechjkr/storage01/tf_object_detection/models/model_name/training/train/traffic_sign/JE0800DL1018T000_Driver_Cam_0002621.jpg,640,480,traffic_sign,184,173,234,227
/media/ofotechjkr/storage01/tf_object_detection/models/model_name/training/train/traffic_sign/MA0700UL1000T011_Driver_Cam_0001945.jpg,800,600,traffic_sign,379,184,422,239
/media/ofotechjkr/storage01/tf_object_detection/models/model_name/training/train/traffic_sign/JE0800UL1000T018_Passenger_Cam_0000777.jpg,640,480,traffic_sign,200,158,403,374
/media/ofotechjkr/storage01/tf_object_detection/models/model_name/training/train/traffic_sign/JE1500UL1000T014_Passenger_Cam_0000592.jpg,640,480,traffic_sign,428,212,486,334
/media/ofotechjkr/storage01/tf_object_detection/models/model_name/training/train/traffic_sign/JE0800DL1018T000_Driver_Cam_0001664.jpg,640,480,traffic_sign,183,185,226,238
/media/ofotechjkr/storage01/tf_object_detection/models/model_name/training/train/traffic_sign/JE0800UL1000T018_Passenger_Cam_0001210.jpg,640,480,traffic_sign,566,209,629,294
/media/ofotechjkr/storage01/tf_object_detection/models/model_name/training/train/traffic_sign/JE0100DL1010T000_Driver_Cam_0000727.jpg,640,480,traffic_sign,170,185,202,229
/media/ofotechjkr/storage01/tf_object_detection/models/model_name/training/train/traffic_sign/MA0700UL1000T011_Driver_Cam_0001451.jpg,800,600,traffic_sign,414,235,446,279
/media/ofotechjkr/storage01/tf_object_detection/models/model_name/training/train/traffic_sign/PE2917UL1000T001_Driver_Cam_0000241.jpg,800,600,traffic_sign,162,164,208,215
/media/ofotechjkr/storage01/tf_object_detection/models/model_name/training/train/traffic_sign/JE0100DL1010T000_Passenger_Cam_0000010.jpg,640,480,ads_sign,317,116,487,208
/media/ofotechjkr/storage01/tf_object_detection/models/model_name/training/train/traffic_sign/JE0800DL1018T000_Driver_Cam_0002185.jpg,640,480,traffic_sign,564,203,615,262
/media/ofotechjkr/storage01/tf_object_detection/models/model_name/training/train/traffic_sign/JE0800DL1018T000_Driver_Cam_0002479.jpg,640,480,traffic_sign,77,178,127,234
/media/ofotechjkr/storage01/tf_object_detection/models/model_name/training/train/traffic_sign/JE0800DL1018T000_Driver_Cam_0000924.jpg,640,480,traffic_sign,212,189,249,240
/media/ofotechjkr/storage01/tf_object_detection/models/model_name/training/train/traffic_sign/JE0800UL1000T018_Driver_Cam_0001375.jpg,640,480,traffic_sign,559,192,600,241
/media/ofotechjkr/storage01/tf_object_detection/models/model_name/training/train/traffic_sign/JE0800UL1000T018_Passenger_Cam_0001908.jpg,640,480,ads_sign,405,102,621,211
/media/ofotechjkr/storage01/tf_object_detection/models/model_name/training/train/traffic_sign/JE0800UL1000T018_Driver_Cam_0000111.jpg,640,480,traffic_sign,30,126,79,176
/media/ofotechjkr/storage01/tf_object_detection/models/model_name/training/train/traffic_sign/MA0700UL1000T011_Driver_Cam_0002081.jpg,800,600,traffic_sign,359,243,412,303
/media/ofotechjkr/storage01/tf_object_detection/models/model_name/training/train/traffic_sign/MA0700UL1000T011_Driver_Cam_0000265.jpg,800,600,traffic_sign,706,249,751,307
/media/ofotechjkr/storage01/tf_object_detection/models/model_name/training/train/traffic_sign/JE0500DL1006T000_Passenger_Cam_0000959.jpg,640,480,traffic_sign,513,161,577,239
/media/ofotechjkr/storage01/tf_object_detection/models/model_name/training/train/traffic_sign/JE0100UL1000T010_Driver_Cam_0001831.jpg,640,480,traffic_sign,0,191,42,268
/media/ofotechjkr/storage01/tf_object_detection/models/model_name/training/train/traffic_sign/JE0100DL1010T000_Driver_Cam_0001799.jpg,640,480,traffic_sign,131,185,167,232
/media/ofotechjkr/storage01/tf_object_detection/models/model_name/training/train/traffic_sign/MA0700UL1000T011_Driver_Cam_0000290.jpg,800,600,traffic_sign,119,182,193,274
/media/ofotechjkr/storage01/tf_object_detection/models/model_name/training/train/traffic_sign/MA0700UL1000T011_Driver_Cam_0002293.jpg,800,600,traffic_sign,110,219,145,266
/media/ofotechjkr/storage01/tf_object_detection/models/model_name/training/train/traffic_sign/MA0700UL1000T011_Driver_Cam_0000729.jpg,800,600,traffic_sign,63,258,150,369
/media/ofotechjkr/storage01/tf_object_detection/models/model_name/training/train/traffic_sign/JE0500UL1000T006_Driver_Cam_0000933.jpg,640,480,traffic_sign,457,179,490,221
/media/ofotechjkr/storage01/tf_object_detection/models/model_name/training/train/traffic_sign/MA0700UL1000T011_Driver_Cam_0002182.jpg,800,600,traffic_sign,463,218,512,281
/media/ofotechjkr/storage01/tf_object_detection/models/model_name/training/train/traffic_sign/JE0800DL1018T000_Driver_Cam_0001829.jpg,640,480,traffic_sign,565,203,621,274
/media/ofotechjkr/storage01/tf_object_detection/models/model_name/training/train/traffic_sign/JE0100DL1010T000_Driver_Cam_0001842.jpg,640,480,traffic_sign,55,219,102,275
/media/ofotechjkr/storage01/tf_object_detection/models/model_name/training/train/traffic_sign/JE0800UL1000T018_Driver_Cam_0001469.jpg,640,480,traffic_sign,455,196,484,234
/media/ofotechjkr/storage01/tf_object_detection/models/model_name/training/train/traffic_sign/JE0100DL1010T000_Driver_Cam_0000382.jpg,640,480,traffic_sign,210,193,247,240
/media/ofotechjkr/storage01/tf_object_detection/models/model_name/training/train/traffic_sign/JE0900UL1000T003_Passenger_Cam_0000136.jpg,640,480,ads_sign,171,77,377,246
/media/ofotechjkr/storage01/tf_object_detection/models/model_name/training/train/traffic_sign/JE0800UL1000T018_Passenger_Cam_0001208.jpg,640,480,traffic_sign,119,224,251,375
/media/ofotechjkr/storage01/tf_object_detection/models/model_name/training/train/traffic_sign/MA0700UL1000T011_Passenger_Cam_0001221.jpg,800,600,traffic_sign,513,223,643,386
/media/ofotechjkr/storage01/tf_object_detection/models/model_name/training/train/traffic_sign/JE0800DL1018T000_Driver_Cam_0000452.jpg,640,480,traffic_sign,530,205,577,262
/media/ofotechjkr/storage01/tf_object_detection/models/model_name/training/train/traffic_sign/JE0800DL1018T000_Driver_Cam_0003199.jpg,640,480,traffic_sign,252,198,287,247
/media/ofotechjkr/storage01/tf_object_detection/models/model_name/training/train/traffic_sign/MA0700UL1000T011_Driver_Cam_0001929.jpg,800,600,traffic_sign,610,230,660,294
/media/ofotechjkr/storage01/tf_object_detection/models/model_name/training/train/traffic_sign/JE1500DL1014T000_Passenger_Cam_0002163.jpg,640,480,traffic_sign,543,215,623,355
/media/ofotechjkr/storage01/tf_object_detection/models/model_name/training/train/traffic_sign/JE0800UL1000T018_Driver_Cam_0001956.jpg,640,480,traffic_sign,318,180,355,228
/media/ofotechjkr/storage01/tf_object_detection/models/model_name/training/train/traffic_sign/JE0800UL1000T018_Driver_Cam_0002155.jpg,640,480,traffic_sign,239,192,280,245
/media/ofotechjkr/storage01/tf_object_detection/models/model_name/training/train/traffic_sign/JE0800UL1000T018_Driver_Cam_0000628.jpg,640,480,traffic_sign,267,212,300,252
/media/ofotechjkr/storage01/tf_object_detection/models/model_name/training/train/traffic_sign/JE0800UL1000T018_Driver_Cam_0001161.jpg,640,480,traffic_sign,519,187,561,240
/media/ofotechjkr/storage01/tf_object_detection/models/model_name/training/train/traffic_sign/JE1500DL1014T000_Driver_Cam_0001972.jpg,640,480,traffic_sign,174,177,204,242
/media/ofotechjkr/storage01/tf_object_detection/models/model_name/training/train/traffic_sign/MA0700UL1000T011_Driver_Cam_0001534.jpg,800,600,traffic_sign,239,231,289,293
/media/ofotechjkr/storage01/tf_object_detection/models/model_name/training/train/traffic_sign/JE0500DL1006T000_Passenger_Cam_0000061.jpg,640,480,traffic_sign,343,102,526,149
/media/ofotechjkr/storage01/tf_object_detection/models/model_name/training/train/traffic_sign/JE0500UL1000T006_Driver_Cam_0000558.jpg,640,480,traffic_sign,470,205,510,255
/media/ofotechjkr/storage01/tf_object_detection/models/model_name/training/train/traffic_sign/JE0800DL1018T000_Driver_Cam_0003195.jpg,640,480,traffic_sign,105,196,156,261
/media/ofotechjkr/storage01/tf_object_detection/models/model_name/training/train/traffic_sign/JE0500DL1006T000_Driver_Cam_0000964.jpg,640,480,traffic_sign,163,195,197,238
/media/ofotechjkr/storage01/tf_object_detection/models/model_name/training/train/traffic_sign/MA0700UL1000T011_Driver_Cam_0002220.jpg,800,600,traffic_sign,416,183,468,247
/media/ofotechjkr/storage01/tf_object_detection/models/model_name/training/train/traffic_sign/MA0700UL1000T011_Passenger_Cam_0001855.jpg,800,600,traffic_sign,217,55,421,274
/media/ofotechjkr/storage01/tf_object_detection/models/model_name/training/train/traffic_sign/JE0800DL1018T000_Driver_Cam_0001520.jpg,640,480,traffic_sign,99,184,152,249
/media/ofotechjkr/storage01/tf_object_detection/models/model_name/training/train/traffic_sign/JE0100UL1000T010_Driver_Cam_0000092.jpg,640,480,traffic_sign,546,174,576,215
/media/ofotechjkr/storage01/tf_object_detection/models/model_name/training/train/traffic_sign/MA0700UL1000T011_Passenger_Cam_0000411.jpg,800,600,traffic_sign,400,190,505,322
/media/ofotechjkr/storage01/tf_object_detection/models/model_name/training/train/traffic_sign/MA0700UL1000T011_Driver_Cam_0002007.jpg,800,600,traffic_sign,470,225,519,283
/media/ofotechjkr/storage01/tf_object_detection/models/model_name/training/train/traffic_sign/JE0500UL1000T006_Passenger_Cam_0000077.jpg,640,480,traffic_sign,355,74,487,227
/media/ofotechjkr/storage01/tf_object_detection/models/model_name/training/train/traffic_sign/JE0800DL1018T000_Driver_Cam_0003096.jpg,640,480,traffic_sign,144,184,181,233
/media/ofotechjkr/storage01/tf_object_detection/models/model_name/training/train/traffic_sign/JE0800DL1018T000_Driver_Cam_0003210.jpg,640,480,traffic_sign,476,195,509,234
/media/ofotechjkr/storage01/tf_object_detection/models/model_name/training/train/traffic_sign/JE0800UL1000T018_Driver_Cam_0000149.jpg,640,480,traffic_sign,546,155,640,271
/media/ofotechjkr/storage01/tf_object_detection/models/model_name/training/train/traffic_sign/JE0800UL1000T018_Driver_Cam_0000149.jpg,640,480,traffic_sign,561,266,634,354
/media/ofotechjkr/storage01/tf_object_detection/models/model_name/training/train/traffic_sign/JE0800DL1018T000_Driver_Cam_0000019.jpg,640,480,traffic_sign,557,199,613,261
/media/ofotechjkr/storage01/tf_object_detection/models/model_name/training/train/traffic_sign/JE0800UL1000T018_Passenger_Cam_0002158.jpg,640,480,traffic_sign,386,224,519,384
/media/ofotechjkr/storage01/tf_object_detection/models/model_name/training/train/traffic_sign/JE0800UL1000T018_Driver_Cam_0002105.jpg,640,480,traffic_sign,481,211,527,261
/media/ofotechjkr/storage01/tf_object_detection/models/model_name/training/train/traffic_sign/JE1500UL1000T014_Passenger_Cam_0002692.jpg,640,480,traffic_sign,494,164,555,300
/media/ofotechjkr/storage01/tf_object_detection/models/model_name/training/train/traffic_sign/JE0800DL1018T000_Passenger_Cam_0000247.jpg,640,480,traffic_sign,295,198,405,322
/media/ofotechjkr/storage01/tf_object_detection/models/model_name/training/train/traffic_sign/JE0800DL1018T000_Driver_Cam_0001525.jpg,640,480,traffic_sign,206,199,252,256
/media/ofotechjkr/storage01/tf_object_detection/models/model_name/training/train/traffic_sign/MA0700UL1000T011_Passenger_Cam_0002218.jpg,800,600,traffic_sign,476,178,668,409
/media/ofotechjkr/storage01/tf_object_detection/models/model_name/training/train/traffic_sign/MA0700UL1000T011_Driver_Cam_0000396.jpg,800,600,traffic_sign,145,212,217,296
/media/ofotechjkr/storage01/tf_object_detection/models/model_name/training/train/traffic_sign/JE0500DL1006T000_Driver_Cam_0001025.jpg,640,480,traffic_sign,496,203,525,240
/media/ofotechjkr/storage01/tf_object_detection/models/model_name/training/train/traffic_sign/MA0700UL1000T011_Driver_Cam_0001036.jpg,800,600,traffic_sign,111,228,178,303
/media/ofotechjkr/storage01/tf_object_detection/models/model_name/training/train/traffic_sign/JE0800UL1000T018_Driver_Cam_0000598.jpg,640,480,traffic_sign,473,194,508,242
/media/ofotechjkr/storage01/tf_object_detection/models/model_name/training/train/traffic_sign/MA0700UL1000T011_Driver_Cam_0000523.jpg,800,600,traffic_sign,300,239,348,299
/media/ofotechjkr/storage01/tf_object_detection/models/model_name/training/train/traffic_sign/JE0800DL1018T000_Driver_Cam_0001757.jpg,640,480,traffic_sign,145,198,190,250
/media/ofotechjkr/storage01/tf_object_detection/models/model_name/training/train/traffic_sign/JE0800UL1000T018_Driver_Cam_0001328.jpg,640,480,traffic_sign,180,187,230,249
/media/ofotechjkr/storage01/tf_object_detection/models/model_name/training/train/traffic_sign/JE0800DL1018T000_Passenger_Cam_0002481.jpg,640,480,traffic_sign,465,170,548,264
/media/ofotechjkr/storage01/tf_object_detection/models/model_name/training/train/traffic_sign/JE1500DL1014T000_Passenger_Cam_0001124.jpg,640,480,traffic_sign,287,233,389,464
/media/ofotechjkr/storage01/tf_object_detection/models/model_name/training/train/traffic_sign/MA0700UL1000T011_Driver_Cam_0001678.jpg,800,600,traffic_sign,238,242,272,285
/media/ofotechjkr/storage01/tf_object_detection/models/model_name/training/train/traffic_sign/JE0100DL1010T000_Passenger_Cam_0000596.jpg,640,480,ads_sign,471,75,639,179
/media/ofotechjkr/storage01/tf_object_detection/models/model_name/training/train/traffic_sign/JE0100UL1000T010_Driver_Cam_0000715.jpg,640,480,traffic_sign,162,186,204,248
/media/ofotechjkr/storage01/tf_object_detection/models/model_name/training/train/traffic_sign/JE1500UL1000T014_Driver_Cam_0001629.jpg,640,480,traffic_sign,424,188,462,265
/media/ofotechjkr/storage01/tf_object_detection/models/model_name/training/train/traffic_sign/JE0800DL1018T000_Driver_Cam_0001454.jpg,640,480,traffic_sign,545,218,587,274
/media/ofotechjkr/storage01/tf_object_detection/models/model_name/training/train/traffic_sign/JE0500DL1006T000_Driver_Cam_0000948.jpg,640,480,traffic_sign,31,197,66,271
/media/ofotechjkr/storage01/tf_object_detection/models/model_name/training/train/traffic_sign/JE0800DL1018T000_Driver_Cam_0002064.jpg,640,480,traffic_sign,169,187,215,252
/media/ofotechjkr/storage01/tf_object_detection/models/model_name/training/train/traffic_sign/MA0700UL1000T011_Passenger_Cam_0001229.jpg,800,600,traffic_sign,637,177,675,227
/media/ofotechjkr/storage01/tf_object_detection/models/model_name/training/train/traffic_sign/JE0500UL1000T006_Driver_Cam_0000298.jpg,640,480,traffic_sign,553,197,577,241
/media/ofotechjkr/storage01/tf_object_detection/models/model_name/training/train/traffic_sign/JE0500UL1000T006_Driver_Cam_0000298.jpg,640,480,traffic_sign,158,180,177,229
/media/ofotechjkr/storage01/tf_object_detection/models/model_name/training/train/traffic_sign/JE0100UL1000T010_Driver_Cam_0002024.jpg,640,480,traffic_sign,165,193,203,243
/media/ofotechjkr/storage01/tf_object_detection/models/model_name/training/train/traffic_sign/JE0800UL1000T018_Driver_Cam_0001973.jpg,640,480,traffic_sign,556,209,592,281
/media/ofotechjkr/storage01/tf_object_detection/models/model_name/training/train/traffic_sign/JE0100UL1000T010_Driver_Cam_0001369.jpg,640,480,traffic_sign,539,208,571,245
/media/ofotechjkr/storage01/tf_object_detection/models/model_name/training/train/traffic_sign/MA0700UL1000T011_Driver_Cam_0001285.jpg,800,600,traffic_sign,419,205,462,258
/media/ofotechjkr/storage01/tf_object_detection/models/model_name/training/train/traffic_sign/MA0700UL1000T011_Driver_Cam_0000619.jpg,800,600,traffic_sign,250,163,317,225
/media/ofotechjkr/storage01/tf_object_detection/models/model_name/training/train/traffic_sign/MA0700UL1000T011_Driver_Cam_0000788.jpg,800,600,traffic_sign,665,248,717,313
/media/ofotechjkr/storage01/tf_object_detection/models/model_name/training/train/traffic_sign/JE0800DL1018T000_Driver_Cam_0001784.jpg,640,480,traffic_sign,249,199,283,244
/media/ofotechjkr/storage01/tf_object_detection/models/model_name/training/train/traffic_sign/JE0800UL1000T018_Driver_Cam_0001955.jpg,640,480,traffic_sign,370,180,404,223
/media/ofotechjkr/storage01/tf_object_detection/models/model_name/training/train/traffic_sign/MA0700UL1000T011_Passenger_Cam_0000287.jpg,800,600,traffic_sign,701,177,746,231
/media/ofotechjkr/storage01/tf_object_detection/models/model_name/training/train/traffic_sign/JE0800DL1018T000_Passenger_Cam_0003404.jpg,640,480,traffic_sign,509,81,619,204
/media/ofotechjkr/storage01/tf_object_detection/models/model_name/training/train/traffic_sign/JE0100UL1000T010_Driver_Cam_0000071.jpg,640,480,traffic_sign,4,113,65,178
/media/ofotechjkr/storage01/tf_object_detection/models/model_name/training/train/traffic_sign/JE0800UL1000T018_Driver_Cam_0001470.jpg,640,480,traffic_sign,502,198,538,242
/media/ofotechjkr/storage01/tf_object_detection/models/model_name/training/train/traffic_sign/JE0100UL1000T010_Passenger_Cam_0002043.jpg,640,480,traffic_sign,271,10,587,176
/media/ofotechjkr/storage01/tf_object_detection/models/model_name/training/train/traffic_sign/JE0800UL1000T018_Driver_Cam_0000630.jpg,640,480,traffic_sign,174,200,222,257
/media/ofotechjkr/storage01/tf_object_detection/models/model_name/training/train/traffic_sign/MA0700UL1000T011_Driver_Cam_0001852.jpg,800,600,traffic_sign,524,194,564,254
/media/ofotechjkr/storage01/tf_object_detection/models/model_name/training/train/traffic_sign/MA0700UL1000T011_Driver_Cam_0001852.jpg,800,600,traffic_sign,83,187,136,240
/media/ofotechjkr/storage01/tf_object_detection/models/model_name/training/train/traffic_sign/JE0500DL1006T000_Driver_Cam_0001064.jpg,640,480,traffic_sign,1,89,76,162
/media/ofotechjkr/storage01/tf_object_detection/models/model_name/training/train/traffic_sign/JE0100DL1010T000_Driver_Cam_0001525.jpg,640,480,traffic_sign,508,202,536,241
/media/ofotechjkr/storage01/tf_object_detection/models/model_name/training/train/traffic_sign/MA0700UL1000T011_Passenger_Cam_0000292.jpg,800,600,traffic_sign,460,106,639,313
/media/ofotechjkr/storage01/tf_object_detection/models/model_name/training/train/traffic_sign/JE0800UL1000T018_Driver_Cam_0003482.jpg,640,480,traffic_sign,78,208,136,279
/media/ofotechjkr/storage01/tf_object_detection/models/model_name/training/train/traffic_sign/JE0800DL1018T000_Driver_Cam_0002088.jpg,640,480,traffic_sign,153,137,196,181
/media/ofotechjkr/storage01/tf_object_detection/models/model_name/training/train/traffic_sign/MA0700UL1000T011_Driver_Cam_0002309.jpg,800,600,traffic_sign,210,153,283,246
/media/ofotechjkr/storage01/tf_object_detection/models/model_name/training/train/traffic_sign/MA0700UL1000T011_Passenger_Cam_0000966.jpg,800,600,traffic_sign,81,290,247,496
/media/ofotechjkr/storage01/tf_object_detection/models/model_name/training/train/traffic_sign/JE0800UL1000T018_Driver_Cam_0000720.jpg,640,480,traffic_sign,113,169,168,237
/media/ofotechjkr/storage01/tf_object_detection/models/model_name/training/train/traffic_sign/JE0800DL1018T000_Driver_Cam_0001673.jpg,640,480,traffic_sign,402,224,435,268
/media/ofotechjkr/storage01/tf_object_detection/models/model_name/training/train/traffic_sign/MA0700UL1000T011_Driver_Cam_0000200.jpg,800,600,traffic_sign,220,237,298,331
/media/ofotechjkr/storage01/tf_object_detection/models/model_name/training/train/traffic_sign/MA0700UL1000T011_Passenger_Cam_0000349.jpg,800,600,traffic_sign,643,97,799,301
/media/ofotechjkr/storage01/tf_object_detection/models/model_name/training/train/traffic_sign/JE0100UL1000T010_Passenger_Cam_0001986.jpg,640,480,traffic_sign,436,167,561,318
/media/ofotechjkr/storage01/tf_object_detection/models/model_name/training/train/traffic_sign/MA0700UL1000T011_Driver_Cam_0001489.jpg,800,600,traffic_sign,520,228,565,288
/media/ofotechjkr/storage01/tf_object_detection/models/model_name/training/train/traffic_sign/JE0800UL1000T018_Driver_Cam_0001423.jpg,640,480,traffic_sign,178,155,214,209
/media/ofotechjkr/storage01/tf_object_detection/models/model_name/training/train/traffic_sign/JE0800DL1018T000_Driver_Cam_0002614.jpg,640,480,traffic_sign,82,194,134,256
/media/ofotechjkr/storage01/tf_object_detection/models/model_name/training/train/traffic_sign/MA0700UL1000T011_Passenger_Cam_0000395.jpg,800,600,traffic_sign,531,144,668,311
/media/ofotechjkr/storage01/tf_object_detection/models/model_name/training/train/traffic_sign/JE0100UL1000T010_Passenger_Cam_0001055.jpg,640,480,traffic_sign,465,216,549,311
/media/ofotechjkr/storage01/tf_object_detection/models/model_name/training/train/traffic_sign/MA0700UL1000T011_Passenger_Cam_0000066.jpg,800,600,traffic_sign,617,92,798,251
/media/ofotechjkr/storage01/tf_object_detection/models/model_name/training/train/traffic_sign/MA0700UL1000T011_Driver_Cam_0001614.jpg,800,600,traffic_sign,313,233,363,293
/media/ofotechjkr/storage01/tf_object_detection/models/model_name/training/train/traffic_sign/JE0500UL1000T006_Driver_Cam_0000134.jpg,640,480,traffic_sign,47,217,75,274
/media/ofotechjkr/storage01/tf_object_detection/models/model_name/training/train/traffic_sign/JE0500UL1000T006_Driver_Cam_0000134.jpg,640,480,traffic_sign,81,210,106,261
/media/ofotechjkr/storage01/tf_object_detection/models/model_name/training/train/traffic_sign/JE0100DL1010T000_Driver_Cam_0000371.jpg,640,480,traffic_sign,355,157,393,204
/media/ofotechjkr/storage01/tf_object_detection/models/model_name/training/train/traffic_sign/MA0700UL1000T011_Driver_Cam_0000731.jpg,800,600,traffic_sign,447,248,487,297
/media/ofotechjkr/storage01/tf_object_detection/models/model_name/training/train/traffic_sign/JE0100UL1000T010_Passenger_Cam_0001080.jpg,640,480,traffic_sign,368,238,458,355
/media/ofotechjkr/storage01/tf_object_detection/models/model_name/training/train/traffic_sign/JE0500DL1006T000_Driver_Cam_0000313.jpg,640,480,traffic_sign,177,165,216,214
/media/ofotechjkr/storage01/tf_object_detection/models/model_name/training/train/traffic_sign/MA0700UL1000T011_Driver_Cam_0000177.jpg,800,600,traffic_sign,0,164,211,258
/media/ofotechjkr/storage01/tf_object_detection/models/model_name/training/train/traffic_sign/MA0700UL1000T011_Driver_Cam_0001034.jpg,800,600,traffic_sign,94,214,136,265
/media/ofotechjkr/storage01/tf_object_detection/models/model_name/training/train/traffic_sign/JE0100DL1010T000_Passenger_Cam_0001810.jpg,640,480,traffic_sign,370,203,471,332
/media/ofotechjkr/storage01/tf_object_detection/models/model_name/training/train/traffic_sign/JE0800DL1018T000_Driver_Cam_0000474.jpg,640,480,traffic_sign,278,187,315,234
/media/ofotechjkr/storage01/tf_object_detection/models/model_name/training/train/traffic_sign/JE0800DL1018T000_Passenger_Cam_0000933.jpg,640,480,traffic_sign,512,223,616,362
/media/ofotechjkr/storage01/tf_object_detection/models/model_name/training/train/traffic_sign/MA0700UL1000T011_Driver_Cam_0001302.jpg,800,600,traffic_sign,136,197,217,295
/media/ofotechjkr/storage01/tf_object_detection/models/model_name/training/train/traffic_sign/JE0800UL1000T018_Passenger_Cam_0003047.jpg,640,480,traffic_sign,51,183,163,328
/media/ofotechjkr/storage01/tf_object_detection/models/model_name/training/train/traffic_sign/MA0700UL1000T011_Driver_Cam_0000367.jpg,800,600,traffic_sign,473,225,512,271
/media/ofotechjkr/storage01/tf_object_detection/models/model_name/training/train/traffic_sign/JE0800UL1000T018_Passenger_Cam_0001425.jpg,640,480,traffic_sign,534,172,596,260
/media/ofotechjkr/storage01/tf_object_detection/models/model_name/training/train/traffic_sign/JE0100DL1010T000_Driver_Cam_0000357.jpg,640,480,traffic_sign,77,176,106,237
/media/ofotechjkr/storage01/tf_object_detection/models/model_name/training/train/traffic_sign/MA0700UL1000T011_Driver_Cam_0000248.jpg,800,600,traffic_sign,169,265,228,343
/media/ofotechjkr/storage01/tf_object_detection/models/model_name/training/train/traffic_sign/JE0800UL1000T018_Driver_Cam_0001599.jpg,640,480,traffic_sign,125,196,169,250
/media/ofotechjkr/storage01/tf_object_detection/models/model_name/training/train/traffic_sign/JE0100UL1000T010_Driver_Cam_0000451.jpg,640,480,traffic_sign,566,206,602,248
/media/ofotechjkr/storage01/tf_object_detection/models/model_name/training/train/traffic_sign/MA0700UL1000T011_Driver_Cam_0000961.jpg,800,600,traffic_sign,40,275,112,367
/media/ofotechjkr/storage01/tf_object_detection/models/model_name/training/train/traffic_sign/JE0800DL1018T000_Driver_Cam_0002379.jpg,640,480,traffic_sign,343,214,370,251
/media/ofotechjkr/storage01/tf_object_detection/models/model_name/training/train/traffic_sign/MA0700UL1000T011_Driver_Cam_0001147.jpg,800,600,traffic_sign,181,238,215,316
/media/ofotechjkr/storage01/tf_object_detection/models/model_name/training/train/traffic_sign/MA0700UL1000T011_Driver_Cam_0001147.jpg,800,600,traffic_sign,746,257,776,322
/media/ofotechjkr/storage01/tf_object_detection/models/model_name/training/train/traffic_sign/MA0700UL1000T011_Driver_Cam_0001147.jpg,800,600,traffic_sign,699,249,729,314
/media/ofotechjkr/storage01/tf_object_detection/models/model_name/training/train/traffic_sign/MA0700UL1000T011_Driver_Cam_0001147.jpg,800,600,traffic_sign,664,238,691,295
/media/ofotechjkr/storage01/tf_object_detection/models/model_name/training/train/traffic_sign/MA0700UL1000T011_Driver_Cam_0001147.jpg,800,600,traffic_sign,256,221,284,278
/media/ofotechjkr/storage01/tf_object_detection/models/model_name/training/train/traffic_sign/MA0700UL1000T011_Driver_Cam_0001147.jpg,800,600,traffic_sign,221,234,254,302
/media/ofotechjkr/storage01/tf_object_detection/models/model_name/training/train/traffic_sign/JE0800DL1018T000_Passenger_Cam_0003196.jpg,640,480,traffic_sign,539,193,614,297
/media/ofotechjkr/storage01/tf_object_detection/models/model_name/training/train/traffic_sign/JE0800DL1018T000_Driver_Cam_0002835.jpg,640,480,traffic_sign,169,179,209,235
/media/ofotechjkr/storage01/tf_object_detection/models/model_name/training/train/traffic_sign/MA0700UL1000T011_Driver_Cam_0002039.jpg,800,600,traffic_sign,524,226,563,278
/media/ofotechjkr/storage01/tf_object_detection/models/model_name/training/train/traffic_sign/JE0800UL1000T018_Driver_Cam_0000368.jpg,640,480,traffic_sign,23,199,99,291
/media/ofotechjkr/storage01/tf_object_detection/models/model_name/training/train/traffic_sign/JE0100UL1000T010_Driver_Cam_0001412.jpg,640,480,traffic_sign,494,209,527,247
/media/ofotechjkr/storage01/tf_object_detection/models/model_name/training/train/traffic_sign/JE0800UL1000T018_Passenger_Cam_0000722.jpg,640,480,traffic_sign,353,152,465,294
/media/ofotechjkr/storage01/tf_object_detection/models/model_name/training/train/traffic_sign/PE3001DL1001T000_Driver_Cam_0000020.jpg,800,600,traffic_sign,225,239,267,291
/media/ofotechjkr/storage01/tf_object_detection/models/model_name/training/train/traffic_sign/JE0800UL1000T018_Driver_Cam_0000567.jpg,640,480,traffic_sign,177,190,216,243
/media/ofotechjkr/storage01/tf_object_detection/models/model_name/training/train/traffic_sign/MA0700UL1000T011_Driver_Cam_0001668.jpg,800,600,traffic_sign,585,197,624,250
/media/ofotechjkr/storage01/tf_object_detection/models/model_name/training/train/traffic_sign/JE0100DL1010T000_Passenger_Cam_0001830.jpg,640,480,traffic_sign,255,213,355,335
/media/ofotechjkr/storage01/tf_object_detection/models/model_name/training/train/traffic_sign/JE0800UL1000T018_Passenger_Cam_0003484.jpg,640,480,traffic_sign,118,232,284,422
/media/ofotechjkr/storage01/tf_object_detection/models/model_name/training/train/traffic_sign/MA0700UL1000T011_Passenger_Cam_0000195.jpg,800,600,traffic_sign,500,299,621,453
/media/ofotechjkr/storage01/tf_object_detection/models/model_name/training/train/traffic_sign/MA0700UL1000T011_Driver_Cam_0000901.jpg,800,600,traffic_sign,512,228,556,285
/media/ofotechjkr/storage01/tf_object_detection/models/model_name/training/train/traffic_sign/JE0500DL1006T000_Driver_Cam_0000711.jpg,640,480,traffic_sign,82,180,126,235
/media/ofotechjkr/storage01/tf_object_detection/models/model_name/training/train/traffic_sign/JE0500UL1000T006_Driver_Cam_0000460.jpg,640,480,traffic_sign,188,152,242,217
/media/ofotechjkr/storage01/tf_object_detection/models/model_name/training/train/traffic_sign/MA0700UL1000T011_Passenger_Cam_0001973.jpg,800,600,traffic_sign,572,269,699,439
/media/ofotechjkr/storage01/tf_object_detection/models/model_name/training/train/traffic_sign/JE0800DL1018T000_Driver_Cam_0000007.jpg,640,480,traffic_sign,495,212,534,259
/media/ofotechjkr/storage01/tf_object_detection/models/model_name/training/train/traffic_sign/JE0100UL1000T010_Driver_Cam_0001843.jpg,640,480,traffic_sign,249,87,330,192
/media/ofotechjkr/storage01/tf_object_detection/models/model_name/training/train/traffic_sign/JE0100DL1010T000_Passenger_Cam_0001625.jpg,640,480,traffic_sign,522,89,599,175
/media/ofotechjkr/storage01/tf_object_detection/models/model_name/training/train/traffic_sign/MA0700UL1000T011_Driver_Cam_0001109.jpg,800,600,traffic_sign,736,239,792,317
/media/ofotechjkr/storage01/tf_object_detection/models/model_name/training/train/traffic_sign/MA0700UL1000T011_Driver_Cam_0001681.jpg,800,600,traffic_sign,131,262,202,347
/media/ofotechjkr/storage01/tf_object_detection/models/model_name/training/train/traffic_sign/JE0100DL1010T000_Passenger_Cam_0000705.jpg,640,480,traffic_sign,573,171,640,302
/media/ofotechjkr/storage01/tf_object_detection/models/model_name/training/train/traffic_sign/JE0100DL1010T000_Passenger_Cam_0000731.jpg,640,480,traffic_sign,106,221,240,389
/media/ofotechjkr/storage01/tf_object_detection/models/model_name/training/train/traffic_sign/JE0100UL1000T010_Driver_Cam_0001544.jpg,640,480,traffic_sign,565,198,605,247
/media/ofotechjkr/storage01/tf_object_detection/models/model_name/training/train/traffic_sign/MA0700UL1000T011_Driver_Cam_0000332.jpg,800,600,traffic_sign,627,253,667,307
/media/ofotechjkr/storage01/tf_object_detection/models/model_name/training/train/traffic_sign/MA0700UL1000T011_Passenger_Cam_0002270.jpg,800,600,traffic_sign,629,237,741,377
/media/ofotechjkr/storage01/tf_object_detection/models/model_name/training/train/traffic_sign/JE0100DL1010T000_Passenger_Cam_0000043.jpg,640,480,ads_sign,465,133,584,193
/media/ofotechjkr/storage01/tf_object_detection/models/model_name/training/train/traffic_sign/JE0100DL1010T000_Driver_Cam_0001841.jpg,640,480,traffic_sign,143,207,181,257
/media/ofotechjkr/storage01/tf_object_detection/models/model_name/training/train/traffic_sign/JE0100DL1010T000_Passenger_Cam_0000057.jpg,640,480,traffic_sign,255,163,336,350
/media/ofotechjkr/storage01/tf_object_detection/models/model_name/training/train/traffic_sign/JE0800UL1000T018_Passenger_Cam_0000335.jpg,640,480,ads_sign,188,47,499,203
/media/ofotechjkr/storage01/tf_object_detection/models/model_name/training/train/traffic_sign/MA0700UL1000T011_Driver_Cam_0001091.jpg,800,600,traffic_sign,90,210,170,315
/media/ofotechjkr/storage01/tf_object_detection/models/model_name/training/train/traffic_sign/JE0800UL1000T018_Passenger_Cam_0000576.jpg,640,480,traffic_sign,426,217,541,374
/media/ofotechjkr/storage01/tf_object_detection/models/model_name/training/train/traffic_sign/MA0700UL1000T011_Passenger_Cam_0000011.jpg,800,600,traffic_sign,733,159,799,234
/media/ofotechjkr/storage01/tf_object_detection/models/model_name/training/train/traffic_sign/JE0701UL1000T001_Driver_Cam_0000264.jpg,640,480,traffic_sign,582,197,620,244
/media/ofotechjkr/storage01/tf_object_detection/models/model_name/training/train/traffic_sign/MA0700UL1000T011_Driver_Cam_0000364.jpg,800,600,traffic_sign,637,259,685,317
/media/ofotechjkr/storage01/tf_object_detection/models/model_name/training/train/traffic_sign/JE0800DL1018T000_Driver_Cam_0001643.jpg,640,480,traffic_sign,516,205,556,254
/media/ofotechjkr/storage01/tf_object_detection/models/model_name/training/train/traffic_sign/JE0100UL1000T010_Driver_Cam_0001420.jpg,640,480,traffic_sign,518,222,547,262
/media/ofotechjkr/storage01/tf_object_detection/models/model_name/training/train/traffic_sign/PE3001DL1001T000_Driver_Cam_0000070.jpg,800,600,traffic_sign,144,220,197,284
/media/ofotechjkr/storage01/tf_object_detection/models/model_name/training/train/traffic_sign/JE0100UL1000T010_Driver_Cam_0001852.jpg,640,480,traffic_sign,71,186,125,264
/media/ofotechjkr/storage01/tf_object_detection/models/model_name/training/train/traffic_sign/MA0700UL1000T011_Driver_Cam_0000962.jpg,800,600,traffic_sign,320,243,365,300
/media/ofotechjkr/storage01/tf_object_detection/models/model_name/training/train/traffic_sign/JE1500UL1000T014_Driver_Cam_0000623.jpg,640,480,traffic_sign,32,196,67,261
/media/ofotechjkr/storage01/tf_object_detection/models/model_name/training/train/traffic_sign/JE1500UL1000T014_Driver_Cam_0000623.jpg,640,480,traffic_sign,468,199,493,260
/media/ofotechjkr/storage01/tf_object_detection/models/model_name/training/train/traffic_sign/MA0700UL1000T011_Driver_Cam_0001838.jpg,800,600,traffic_sign,743,199,781,250
/media/ofotechjkr/storage01/tf_object_detection/models/model_name/training/train/traffic_sign/JE0800UL1000T018_Driver_Cam_0002402.jpg,640,480,traffic_sign,127,185,173,246
/media/ofotechjkr/storage01/tf_object_detection/models/model_name/training/train/traffic_sign/MA0700UL1000T011_Driver_Cam_0000840.jpg,800,600,traffic_sign,536,217,571,264
/media/ofotechjkr/storage01/tf_object_detection/models/model_name/training/train/traffic_sign/JE0100UL1000T010_Driver_Cam_0002052.jpg,640,480,traffic_sign,72,100,145,172
/media/ofotechjkr/storage01/tf_object_detection/models/model_name/training/train/traffic_sign/MA0700UL1000T011_Driver_Cam_0000019.jpg,800,600,traffic_sign,591,204,633,257
/media/ofotechjkr/storage01/tf_object_detection/models/model_name/training/train/traffic_sign/MA0700UL1000T011_Driver_Cam_0001491.jpg,800,600,traffic_sign,743,237,800,333
/media/ofotechjkr/storage01/tf_object_detection/models/model_name/training/train/traffic_sign/MA0700UL1000T011_Driver_Cam_0001126.jpg,800,600,traffic_sign,689,243,737,303
/media/ofotechjkr/storage01/tf_object_detection/models/model_name/training/train/traffic_sign/JE0800UL1000T018_Driver_Cam_0002235.jpg,640,480,traffic_sign,190,190,232,239
/media/ofotechjkr/storage01/tf_object_detection/models/model_name/training/train/traffic_sign/MA0700UL1000T011_Driver_Cam_0002075.jpg,800,600,traffic_sign,437,215,472,261
/media/ofotechjkr/storage01/tf_object_detection/models/model_name/training/train/traffic_sign/MA0700UL1000T011_Passenger_Cam_0001230.jpg,800,600,traffic_sign,675,232,719,292
/media/ofotechjkr/storage01/tf_object_detection/models/model_name/training/train/traffic_sign/JE0100DL1010T000_Passenger_Cam_0000846.jpg,640,480,traffic_sign,171,236,324,409
/media/ofotechjkr/storage01/tf_object_detection/models/model_name/training/train/traffic_sign/MA0700UL1000T011_Driver_Cam_0000748.jpg,800,600,traffic_sign,158,223,207,288
/media/ofotechjkr/storage01/tf_object_detection/models/model_name/training/train/traffic_sign/JE0100DL1010T000_Driver_Cam_0001198.jpg,640,480,traffic_sign,488,201,521,240
/media/ofotechjkr/storage01/tf_object_detection/models/model_name/training/train/traffic_sign/MA0700UL1000T011_Passenger_Cam_0001970.jpg,800,600,traffic_sign,279,284,514,546
/media/ofotechjkr/storage01/tf_object_detection/models/model_name/training/train/traffic_sign/JE0800UL1000T018_Driver_Cam_0002760.jpg,640,480,traffic_sign,439,185,468,220
/media/ofotechjkr/storage01/tf_object_detection/models/model_name/training/train/traffic_sign/JE0800UL1000T018_Passenger_Cam_0002404.jpg,640,480,traffic_sign,291,207,407,352
/media/ofotechjkr/storage01/tf_object_detection/models/model_name/training/train/traffic_sign/MA0700UL1000T011_Driver_Cam_0000282.jpg,800,600,traffic_sign,416,243,457,294
/media/ofotechjkr/storage01/tf_object_detection/models/model_name/training/train/traffic_sign/MA0700UL1000T011_Driver_Cam_0000754.jpg,800,600,traffic_sign,189,230,258,313
/media/ofotechjkr/storage01/tf_object_detection/models/model_name/training/train/traffic_sign/JE0100UL1000T010_Driver_Cam_0002050.jpg,640,480,traffic_sign,165,130,214,178
/media/ofotechjkr/storage01/tf_object_detection/models/model_name/training/train/traffic_sign/JE0800UL1000T018_Driver_Cam_0003327.jpg,640,480,traffic_sign,202,190,245,246
/media/ofotechjkr/storage01/tf_object_detection/models/model_name/training/train/traffic_sign/JE1500UL1000T014_Passenger_Cam_0000081.jpg,640,480,ads_sign,468,118,610,226
/media/ofotechjkr/storage01/tf_object_detection/models/model_name/training/train/traffic_sign/MA0700UL1000T011_Driver_Cam_0000242.jpg,800,600,traffic_sign,512,237,562,300
/media/ofotechjkr/storage01/tf_object_detection/models/model_name/training/train/traffic_sign/JE1500DL1014T000_Driver_Cam_0000076.jpg,640,480,traffic_sign,0,141,53,207
/media/ofotechjkr/storage01/tf_object_detection/models/model_name/training/train/traffic_sign/JE0100DL1010T000_Passenger_Cam_0000170.jpg,640,480,traffic_sign,195,0,338,118
/media/ofotechjkr/storage01/tf_object_detection/models/model_name/training/train/traffic_sign/JE0100DL1010T000_Driver_Cam_0001536.jpg,640,480,traffic_sign,494,192,525,231
/media/ofotechjkr/storage01/tf_object_detection/models/model_name/training/train/traffic_sign/JE0100DL1010T000_Passenger_Cam_0001892.jpg,640,480,ads_sign,164,99,452,241
/media/ofotechjkr/storage01/tf_object_detection/models/model_name/training/train/traffic_sign/JE0800UL1000T018_Passenger_Cam_0001661.jpg,640,480,ads_sign,40,11,488,211
/media/ofotechjkr/storage01/tf_object_detection/models/model_name/training/train/traffic_sign/JE0100UL1000T010_Driver_Cam_0001530.jpg,640,480,traffic_sign,543,196,568,244
/media/ofotechjkr/storage01/tf_object_detection/models/model_name/training/train/traffic_sign/MA0700UL1000T011_Driver_Cam_0001728.jpg,800,600,traffic_sign,348,226,395,284
/media/ofotechjkr/storage01/tf_object_detection/models/model_name/training/train/traffic_sign/JE0800UL1000T018_Driver_Cam_0000337.jpg,640,480,traffic_sign,186,138,226,178
/media/ofotechjkr/storage01/tf_object_detection/models/model_name/training/train/traffic_sign/MA0700UL1000T011_Passenger_Cam_0000115.jpg,800,600,traffic_sign,141,2,312,157
/media/ofotechjkr/storage01/tf_object_detection/models/model_name/training/train/traffic_sign/MA0700UL1000T011_Driver_Cam_0000214.jpg,800,600,traffic_sign,647,211,685,259
/media/ofotechjkr/storage01/tf_object_detection/models/model_name/training/train/traffic_sign/JE0100DL1010T000_Driver_Cam_0000904.jpg,640,480,traffic_sign,26,219,84,289
/media/ofotechjkr/storage01/tf_object_detection/models/model_name/training/train/traffic_sign/MA0700UL1000T011_Driver_Cam_0002181.jpg,800,600,traffic_sign,570,211,612,263
/media/ofotechjkr/storage01/tf_object_detection/models/model_name/training/train/traffic_sign/JE0500DL1006T000_Passenger_Cam_0000031.jpg,640,480,traffic_sign,428,97,493,162
/media/ofotechjkr/storage01/tf_object_detection/models/model_name/training/train/traffic_sign/JE0800UL1000T018_Passenger_Cam_0003042.jpg,640,480,traffic_sign,372,194,442,285
/media/ofotechjkr/storage01/tf_object_detection/models/model_name/training/train/traffic_sign/JE0500DL1006T000_Driver_Cam_0000302.jpg,640,480,traffic_sign,248,165,282,207
/media/ofotechjkr/storage01/tf_object_detection/models/model_name/training/train/traffic_sign/MA0700UL1000T011_Driver_Cam_0001722.jpg,800,600,traffic_sign,583,204,622,252
/media/ofotechjkr/storage01/tf_object_detection/models/model_name/training/train/traffic_sign/MA0700UL1000T011_Driver_Cam_0002177.jpg,800,600,traffic_sign,388,226,429,284
/media/ofotechjkr/storage01/tf_object_detection/models/model_name/training/train/traffic_sign/JE0900UL1000T003_Passenger_Cam_0000700.jpg,640,480,ads_sign,496,121,597,217
/media/ofotechjkr/storage01/tf_object_detection/models/model_name/training/train/traffic_sign/JE0800UL1000T018_Driver_Cam_0000714.jpg,640,480,traffic_sign,15,214,85,304
/media/ofotechjkr/storage01/tf_object_detection/models/model_name/training/train/traffic_sign/JE0100UL1000T010_Driver_Cam_0001835.jpg,640,480,traffic_sign,382,143,419,188
/media/ofotechjkr/storage01/tf_object_detection/models/model_name/training/train/traffic_sign/JE0800UL1000T018_Driver_Cam_0000343.jpg,640,480,traffic_sign,496,190,534,237
/media/ofotechjkr/storage01/tf_object_detection/models/model_name/training/train/traffic_sign/JE0800UL1000T018_Driver_Cam_0002127.jpg,640,480,traffic_sign,141,163,189,221
/media/ofotechjkr/storage01/tf_object_detection/models/model_name/training/train/traffic_sign/MA0700UL1000T011_Driver_Cam_0002132.jpg,800,600,traffic_sign,345,232,397,295
/media/ofotechjkr/storage01/tf_object_detection/models/model_name/training/train/traffic_sign/MA0700UL1000T011_Passenger_Cam_0002223.jpg,800,600,traffic_sign,450,167,596,357
/media/ofotechjkr/storage01/tf_object_detection/models/model_name/training/train/traffic_sign/JE0100UL1000T010_Driver_Cam_0000101.jpg,640,480,traffic_sign,573,182,607,228
/media/ofotechjkr/storage01/tf_object_detection/models/model_name/training/train/traffic_sign/JE0800DL1018T000_Driver_Cam_0002798.jpg,640,480,traffic_sign,106,188,138,250
/media/ofotechjkr/storage01/tf_object_detection/models/model_name/training/train/traffic_sign/JE0800DL1018T000_Driver_Cam_0002798.jpg,640,480,traffic_sign,606,204,634,255
/media/ofotechjkr/storage01/tf_object_detection/models/model_name/training/train/traffic_sign/JE0800UL1000T018_Driver_Cam_0001836.jpg,640,480,traffic_sign,512,179,555,234
/media/ofotechjkr/storage01/tf_object_detection/models/model_name/training/train/traffic_sign/MA0700UL1000T011_Driver_Cam_0000349.jpg,800,600,traffic_sign,586,187,637,252
/media/ofotechjkr/storage01/tf_object_detection/models/model_name/training/train/traffic_sign/JE0800DL1018T000_Driver_Cam_0003087.jpg,640,480,traffic_sign,225,172,256,211
/media/ofotechjkr/storage01/tf_object_detection/models/model_name/training/train/traffic_sign/JE0800UL1000T018_Driver_Cam_0002253.jpg,640,480,traffic_sign,466,202,502,247
/media/ofotechjkr/storage01/tf_object_detection/models/model_name/training/train/traffic_sign/JE0100DL1010T000_Driver_Cam_0000703.jpg,640,480,traffic_sign,161,183,208,243
/media/ofotechjkr/storage01/tf_object_detection/models/model_name/training/train/traffic_sign/MA0700UL1000T011_Driver_Cam_0000585.jpg,800,600,traffic_sign,590,218,640,279
/media/ofotechjkr/storage01/tf_object_detection/models/model_name/training/train/traffic_sign/MA0700UL1000T011_Driver_Cam_0000241.jpg,800,600,traffic_sign,331,213,374,268
/media/ofotechjkr/storage01/tf_object_detection/models/model_name/training/train/traffic_sign/MA0700UL1000T011_Driver_Cam_0002011.jpg,800,600,traffic_sign,231,219,271,266
/media/ofotechjkr/storage01/tf_object_detection/models/model_name/training/train/traffic_sign/JE0800DL1018T000_Driver_Cam_0001665.jpg,640,480,traffic_sign,98,180,148,241
/media/ofotechjkr/storage01/tf_object_detection/models/model_name/training/train/traffic_sign/MA0700UL1000T011_Driver_Cam_0001630.jpg,800,600,traffic_sign,237,234,292,304
/media/ofotechjkr/storage01/tf_object_detection/models/model_name/training/train/traffic_sign/MA0700UL1000T011_Driver_Cam_0000959.jpg,800,600,traffic_sign,289,226,334,282
/media/ofotechjkr/storage01/tf_object_detection/models/model_name/training/train/traffic_sign/JE0800DL1018T000_Passenger_Cam_0002506.jpg,640,480,traffic_sign,445,213,521,306
/media/ofotechjkr/storage01/tf_object_detection/models/model_name/training/train/traffic_sign/JE0100UL1000T010_Passenger_Cam_0000025.jpg,640,480,traffic_sign,592,162,640,238
/media/ofotechjkr/storage01/tf_object_detection/models/model_name/training/train/traffic_sign/MA0700UL1000T011_Driver_Cam_0001679.jpg,800,600,traffic_sign,253,238,296,294
/media/ofotechjkr/storage01/tf_object_detection/models/model_name/training/train/traffic_sign/MA0700UL1000T011_Driver_Cam_0001853.jpg,800,600,traffic_sign,564,183,617,253
/media/ofotechjkr/storage01/tf_object_detection/models/model_name/training/train/traffic_sign/JE0800DL1018T000_Driver_Cam_0002403.jpg,640,480,traffic_sign,193,194,236,245
/media/ofotechjkr/storage01/tf_object_detection/models/model_name/training/train/traffic_sign/JE1500UL1000T014_Passenger_Cam_0000591.jpg,640,480,traffic_sign,577,200,616,283
/media/ofotechjkr/storage01/tf_object_detection/models/model_name/training/train/traffic_sign/MA0700UL1000T011_Driver_Cam_0001444.jpg,800,600,traffic_sign,610,172,671,243
/media/ofotechjkr/storage01/tf_object_detection/models/model_name/training/train/traffic_sign/MA0700UL1000T011_Driver_Cam_0000774.jpg,800,600,traffic_sign,711,260,764,328
/media/ofotechjkr/storage01/tf_object_detection/models/model_name/training/train/traffic_sign/JE0800DL1018T000_Driver_Cam_0001943.jpg,640,480,traffic_sign,417,206,461,258
/media/ofotechjkr/storage01/tf_object_detection/models/model_name/training/train/traffic_sign/PE3001DL1001T000_Driver_Cam_0000046.jpg,800,600,traffic_sign,221,215,263,268
/media/ofotechjkr/storage01/tf_object_detection/models/model_name/training/train/traffic_sign/MA0700UL1000T011_Driver_Cam_0001088.jpg,800,600,traffic_sign,426,211,464,258
/media/ofotechjkr/storage01/tf_object_detection/models/model_name/training/train/traffic_sign/JE0800DL1018T000_Driver_Cam_0002618.jpg,640,480,traffic_sign,99,205,155,271
/media/ofotechjkr/storage01/tf_object_detection/models/model_name/training/train/traffic_sign/JE0100DL1010T000_Driver_Cam_0001438.jpg,640,480,traffic_sign,595,210,633,256
/media/ofotechjkr/storage01/tf_object_detection/models/model_name/training/train/traffic_sign/MA0700UL1000T011_Driver_Cam_0001019.jpg,800,600,traffic_sign,116,255,201,359
/media/ofotechjkr/storage01/tf_object_detection/models/model_name/training/train/traffic_sign/JE0100UL1000T010_Passenger_Cam_0001961.jpg,640,480,traffic_sign,178,9,394,175
/media/ofotechjkr/storage01/tf_object_detection/models/model_name/training/train/traffic_sign/JE0800DL1018T000_Passenger_Cam_0003631.jpg,640,480,traffic_sign,200,83,268,155
/media/ofotechjkr/storage01/tf_object_detection/models/model_name/training/train/traffic_sign/MA0700UL1000T011_Passenger_Cam_0001585.jpg,800,600,traffic_sign,81,304,213,487
/media/ofotechjkr/storage01/tf_object_detection/models/model_name/training/train/traffic_sign/JE0800DL1018T000_Driver_Cam_0003194.jpg,640,480,traffic_sign,227,185,264,236
/media/ofotechjkr/storage01/tf_object_detection/models/model_name/training/train/traffic_sign/MA0700UL1000T011_Driver_Cam_0000903.jpg,800,600,traffic_sign,242,244,316,340
/media/ofotechjkr/storage01/tf_object_detection/models/model_name/training/train/traffic_sign/JE0800UL1000T018_Passenger_Cam_0003490.jpg,640,480,traffic_sign,140,234,304,412
/media/ofotechjkr/storage01/tf_object_detection/models/model_name/training/train/traffic_sign/MA0700UL1000T011_Driver_Cam_0001695.jpg,800,600,traffic_sign,465,237,509,298
/media/ofotechjkr/storage01/tf_object_detection/models/model_name/training/train/traffic_sign/JE0800UL1000T018_Driver_Cam_0002607.jpg,640,480,traffic_sign,52,206,118,292
/media/ofotechjkr/storage01/tf_object_detection/models/model_name/training/train/traffic_sign/JE1500DL1014T000_Driver_Cam_0002696.jpg,640,480,traffic_sign,176,120,222,169
/media/ofotechjkr/storage01/tf_object_detection/models/model_name/training/train/traffic_sign/JE0800UL1000T018_Driver_Cam_0002236.jpg,640,480,traffic_sign,103,195,158,260
/media/ofotechjkr/storage01/tf_object_detection/models/model_name/training/train/traffic_sign/JE0100DL1010T000_Driver_Cam_0000891.jpg,640,480,traffic_sign,0,215,44,289
/media/ofotechjkr/storage01/tf_object_detection/models/model_name/training/train/traffic_sign/MA0700UL1000T011_Driver_Cam_0000841.jpg,800,600,traffic_sign,606,211,645,263
/media/ofotechjkr/storage01/tf_object_detection/models/model_name/training/train/traffic_sign/MA0700UL1000T011_Driver_Cam_0002207.jpg,800,600,traffic_sign,644,243,707,317
/media/ofotechjkr/storage01/tf_object_detection/models/model_name/training/train/traffic_sign/JE0800DL1018T000_Driver_Cam_0001820.jpg,640,480,traffic_sign,367,171,401,218
/media/ofotechjkr/storage01/tf_object_detection/models/model_name/training/train/traffic_sign/JE0800UL1000T018_Driver_Cam_0000627.jpg,640,480,traffic_sign,62,206,116,284
/media/ofotechjkr/storage01/tf_object_detection/models/model_name/training/train/traffic_sign/JE0100UL1000T010_Passenger_Cam_0000828.jpg,640,480,traffic_sign,368,278,470,434
/media/ofotechjkr/storage01/tf_object_detection/models/model_name/training/train/traffic_sign/JE0500UL1000T006_Driver_Cam_0000755.jpg,640,480,traffic_sign,528,207,559,248
/media/ofotechjkr/storage01/tf_object_detection/models/model_name/training/train/traffic_sign/JE0100UL1000T010_Driver_Cam_0001974.jpg,640,480,traffic_sign,248,165,279,206
/media/ofotechjkr/storage01/tf_object_detection/models/model_name/training/train/traffic_sign/JE0800DL1018T000_Passenger_Cam_0003091.jpg,640,480,traffic_sign,308,210,377,312
/media/ofotechjkr/storage01/tf_object_detection/models/model_name/training/train/traffic_sign/MA0700UL1000T011_Passenger_Cam_0002181.jpg,800,600,traffic_sign,138,299,321,510
/media/ofotechjkr/storage01/tf_object_detection/models/model_name/training/train/traffic_sign/MA0700UL1000T011_Passenger_Cam_0001909.jpg,800,600,traffic_sign,154,187,310,370
/media/ofotechjkr/storage01/tf_object_detection/models/model_name/training/train/traffic_sign/JE0100DL1010T000_Driver_Cam_0001840.jpg,640,480,traffic_sign,198,198,229,241
/media/ofotechjkr/storage01/tf_object_detection/models/model_name/training/train/traffic_sign/JE0800DL1018T000_Passenger_Cam_0002091.jpg,640,480,traffic_sign,438,60,546,175
/media/ofotechjkr/storage01/tf_object_detection/models/model_name/training/train/traffic_sign/MA0700UL1000T011_Driver_Cam_0000392.jpg,800,600,traffic_sign,444,190,499,256
/media/ofotechjkr/storage01/tf_object_detection/models/model_name/training/train/traffic_sign/JE0800DL1018T000_Driver_Cam_0000297.jpg,640,480,traffic_sign,523,203,557,248
/media/ofotechjkr/storage01/tf_object_detection/models/model_name/training/train/traffic_sign/JE0800DL1018T000_Driver_Cam_0000426.jpg,640,480,traffic_sign,307,180,344,233
/media/ofotechjkr/storage01/tf_object_detection/models/model_name/training/train/traffic_sign/MA0700UL1000T011_Driver_Cam_0001623.jpg,800,600,traffic_sign,511,235,545,284
/media/ofotechjkr/storage01/tf_object_detection/models/model_name/training/train/ads_sign-harriz/PE3100DL1003T000_Passenger_Cam_0000341.jpg,800,600,ads_sign,94,111,260,271
/media/ofotechjkr/storage01/tf_object_detection/models/model_name/training/train/ads_sign-harriz/PE3001UL1000T001_Passenger_Cam_0000153.jpg,800,600,ads_sign,555,223,667,369
/media/ofotechjkr/storage01/tf_object_detection/models/model_name/training/train/ads_sign-harriz/PE2912UL1000T001_Passenger_Cam_0000061.jpg,800,600,ads_sign,541,286,657,369
/media/ofotechjkr/storage01/tf_object_detection/models/model_name/training/train/ads_sign-harriz/TE1300UL1000T027_Passenger_Cam_0001189.jpg,640,480,ads_sign,381,86,539,211
/media/ofotechjkr/storage01/tf_object_detection/models/model_name/training/train/ads_sign-harriz/RN4500UL1000T001_Passenger_Cam_0000042.jpg,800,600,ads_sign,263,224,390,334
/media/ofotechjkr/storage01/tf_object_detection/models/model_name/training/train/ads_sign-harriz/PE3001UL1000T001_Passenger_Cam_0000232.jpg,800,600,ads_sign,651,172,737,360
/media/ofotechjkr/storage01/tf_object_detection/models/model_name/training/train/ads_sign-harriz/PE3001UL1000T001_Passenger_Cam_0000232.jpg,800,600,ads_sign,67,1,406,567
/media/ofotechjkr/storage01/tf_object_detection/models/model_name/training/train/ads_sign-harriz/RN4500UL1000T001_Passenger_Cam_0000287.jpg,800,600,ads_sign,35,111,133,217
/media/ofotechjkr/storage01/tf_object_detection/models/model_name/training/train/ads_sign-harriz/JE0500DL1006T000_Passenger_Cam_0000187.jpg,640,480,ads_sign,405,120,511,231
/media/ofotechjkr/storage01/tf_object_detection/models/model_name/training/train/ads_sign-harriz/RN0700DL1016T000_Driver_Cam_0003181.jpg,800,600,ads_sign,151,195,219,250
/media/ofotechjkr/storage01/tf_object_detection/models/model_name/training/train/ads_sign-harriz/JE0100UL1000T010_Passenger_Cam_0000577.jpg,640,480,ads_sign,561,114,639,231
/media/ofotechjkr/storage01/tf_object_detection/models/model_name/training/train/ads_sign-harriz/RN4900UL1000T009_Passenger_Cam_0001063.jpg,800,600,ads_sign,0,54,148,173
/media/ofotechjkr/storage01/tf_object_detection/models/model_name/training/train/ads_sign-harriz/PE2906UL1000T001_Driver_Cam_0000140.jpg,800,600,ads_sign,36,197,115,312
/media/ofotechjkr/storage01/tf_object_detection/models/model_name/training/train/ads_sign-harriz/JE0800DL1018T000_Driver_Cam_0000973.jpg,640,480,ads_sign,34,144,70,212
/media/ofotechjkr/storage01/tf_object_detection/models/model_name/training/train/ads_sign-harriz/JE0500UL1000T006_Passenger_Cam_0001178.jpg,640,480,ads_sign,139,1,345,198
/media/ofotechjkr/storage01/tf_object_detection/models/model_name/training/train/ads_sign-harriz/PE3100DL1003T000_Passenger_Cam_0000443.jpg,800,600,ads_sign,302,200,416,279
/media/ofotechjkr/storage01/tf_object_detection/models/model_name/training/train/ads_sign-harriz/PE2916UL1000T001_Passenger_Cam_0000251.jpg,800,600,ads_sign,232,161,377,511
/media/ofotechjkr/storage01/tf_object_detection/models/model_name/training/train/ads_sign-harriz/PE3016UL1000T001_Passenger_Cam_0000036.jpg,800,600,ads_sign,200,87,329,217
/media/ofotechjkr/storage01/tf_object_detection/models/model_name/training/train/ads_sign-harriz/TE1300UL1000T027_Driver_Cam_0000976.jpg,640,480,ads_sign,588,211,632,248
/media/ofotechjkr/storage01/tf_object_detection/models/model_name/training/train/ads_sign-harriz/RN4900DL1009T000_Driver_Cam_0000331.jpg,800,600,ads_sign,8,267,105,336
/media/ofotechjkr/storage01/tf_object_detection/models/model_name/training/train/ads_sign-harriz/PE2912UL1000T001_Passenger_Cam_0000062.jpg,800,600,ads_sign,212,318,389,422
/media/ofotechjkr/storage01/tf_object_detection/models/model_name/training/train/ads_sign-harriz/RN4500UL1000T001_Passenger_Cam_0000283.jpg,800,600,ads_sign,389,147,487,226
/media/ofotechjkr/storage01/tf_object_detection/models/model_name/training/train/ads_sign-harriz/PE2916UL1000T001_Driver_Cam_0000267.jpg,800,600,ads_sign,173,179,223,249
/media/ofotechjkr/storage01/tf_object_detection/models/model_name/training/train/ads_sign-harriz/RN4500UL1000T001_Passenger_Cam_0000284.jpg,800,600,ads_sign,3,118,87,215
/media/ofotechjkr/storage01/tf_object_detection/models/model_name/training/train/ads_sign-harriz/RN4900UL1000T009_Driver_Cam_0000059.jpg,800,600,ads_sign,7,103,156,189
/media/ofotechjkr/storage01/tf_object_detection/models/model_name/training/train/ads_sign-harriz/TE1300UL1000T027_Passenger_Cam_0002394.jpg,640,480,ads_sign,57,148,150,218
/media/ofotechjkr/storage01/tf_object_detection/models/model_name/training/train/ads_sign-harriz/TE1300UL1000T027_Passenger_Cam_0002394.jpg,640,480,ads_sign,235,183,305,213
/media/ofotechjkr/storage01/tf_object_detection/models/model_name/training/train/ads_sign-harriz/JE0800DL1018T000_Passenger_Cam_0003640.jpg,640,480,ads_sign,404,115,561,189
/media/ofotechjkr/storage01/tf_object_detection/models/model_name/training/train/ads_sign-harriz/RN4900UL1000T009_Driver_Cam_0001662.jpg,800,600,ads_sign,25,178,139,269
/media/ofotechjkr/storage01/tf_object_detection/models/model_name/training/train/ads_sign-harriz/TE1300UL1000T027_Driver_Cam_0005113.jpg,640,480,ads_sign,42,136,146,197
/media/ofotechjkr/storage01/tf_object_detection/models/model_name/training/train/ads_sign-harriz/JE0800UL1000T018_Passenger_Cam_0000190.jpg,640,480,ads_sign,241,201,347,289
/media/ofotechjkr/storage01/tf_object_detection/models/model_name/training/train/ads_sign-harriz/JE0900DL1003T000_Passenger_Cam_0000029.jpg,640,480,ads_sign,30,179,111,258
/media/ofotechjkr/storage01/tf_object_detection/models/model_name/training/train/ads_sign-harriz/RN4900UL1000T009_Passenger_Cam_0000064.jpg,800,600,ads_sign,450,0,717,144
/media/ofotechjkr/storage01/tf_object_detection/models/model_name/training/train/ads_sign-harriz/JE0800DL1018T000_Driver_Cam_0003597.jpg,640,480,ads_sign,520,139,576,202
/media/ofotechjkr/storage01/tf_object_detection/models/model_name/training/train/ads_sign-harriz/JE0500UL1000T006_Driver_Cam_0001066.jpg,640,480,ads_sign,118,161,190,218
/media/ofotechjkr/storage01/tf_object_detection/models/model_name/training/train/ads_sign-harriz/PE3001UL1000T001_Passenger_Cam_0000027.jpg,800,600,ads_sign,676,240,753,328
/media/ofotechjkr/storage01/tf_object_detection/models/model_name/training/train/ads_sign-harriz/TE1300UL1000T027_Driver_Cam_0003196.jpg,640,480,ads_sign,90,200,130,232
/media/ofotechjkr/storage01/tf_object_detection/models/model_name/training/train/ads_sign-harriz/JE0100UL1000T010_Passenger_Cam_0001403.jpg,640,480,ads_sign,88,142,152,210
/media/ofotechjkr/storage01/tf_object_detection/models/model_name/training/train/ads_sign-harriz/JE0100UL1000T010_Passenger_Cam_0001403.jpg,640,480,ads_sign,253,178,360,281
/media/ofotechjkr/storage01/tf_object_detection/models/model_name/training/train/ads_sign-harriz/PE3001UL1000T001_Passenger_Cam_0000073.jpg,800,600,ads_sign,376,231,571,578
/media/ofotechjkr/storage01/tf_object_detection/models/model_name/training/train/ads_sign-harriz/RN5100UL1000T004_Driver_Cam_0000091.jpg,800,600,ads_sign,169,189,260,257
/media/ofotechjkr/storage01/tf_object_detection/models/model_name/training/train/ads_sign-harriz/RN4900UL1000T009_Passenger_Cam_0000061.jpg,800,600,ads_sign,304,131,424,239
/media/ofotechjkr/storage01/tf_object_detection/models/model_name/training/train/ads_sign-harriz/PE3016UL1000T001_Passenger_Cam_0000164.jpg,800,600,ads_sign,26,174,166,379
/media/ofotechjkr/storage01/tf_object_detection/models/model_name/training/train/ads_sign-harriz/PE2907UL1000T001_Driver_Cam_0000005.jpg,800,600,ads_sign,131,195,183,266
/media/ofotechjkr/storage01/tf_object_detection/models/model_name/training/train/ads_sign-harriz/PE2916UL1000T001_Passenger_Cam_0000180.jpg,800,600,ads_sign,60,224,157,473
/media/ofotechjkr/storage01/tf_object_detection/models/model_name/training/train/ads_sign-harriz/PE2916UL1000T001_Driver_Cam_0000249.jpg,800,600,ads_sign,553,213,735,356
/media/ofotechjkr/storage01/tf_object_detection/models/model_name/training/train/ads_sign-harriz/PE3001DL1001T000_Driver_Cam_0000058.jpg,800,600,ads_sign,113,210,169,304
/media/ofotechjkr/storage01/tf_object_detection/models/model_name/training/train/ads_sign-harriz/JE0800DL1018T000_Passenger_Cam_0002848.jpg,640,480,ads_sign,372,145,462,199
/media/ofotechjkr/storage01/tf_object_detection/models/model_name/training/train/ads_sign-harriz/RN4500UL1000T001_Driver_Cam_0000120.jpg,800,600,ads_sign,63,162,176,242
/media/ofotechjkr/storage01/tf_object_detection/models/model_name/training/train/ads_sign-harriz/PE3001DL1001T000_Passenger_Cam_0000111.jpg,800,600,ads_sign,482,9,734,184
/media/ofotechjkr/storage01/tf_object_detection/models/model_name/training/train/ads_sign-harriz/JE0100DL1010T000_Driver_Cam_0001580.jpg,640,480,ads_sign,65,137,119,213
/media/ofotechjkr/storage01/tf_object_detection/models/model_name/training/train/ads_sign-harriz/PE3100UL1000T003_Driver_Cam_0000053.jpg,800,600,ads_sign,71,236,110,319
/media/ofotechjkr/storage01/tf_object_detection/models/model_name/training/train/ads_sign-harriz/JE0500UL1000T006_Passenger_Cam_0000547.jpg,640,480,ads_sign,260,200,314,256
/media/ofotechjkr/storage01/tf_object_detection/models/model_name/training/train/ads_sign-harriz/JE0500DL1006T000_Passenger_Cam_0000756.jpg,640,480,ads_sign,540,120,634,199
/media/ofotechjkr/storage01/tf_object_detection/models/model_name/training/train/ads_sign-harriz/PE3100UL1000T003_Passenger_Cam_0000057.jpg,800,600,ads_sign,550,315,664,389
/media/ofotechjkr/storage01/tf_object_detection/models/model_name/training/train/ads_sign-harriz/JE0800UL1000T018_Passenger_Cam_0000957.jpg,640,480,ads_sign,226,121,364,296
/media/ofotechjkr/storage01/tf_object_detection/models/model_name/training/train/ads_sign-harriz/PE3001UL1000T001_Driver_Cam_0000167.jpg,800,600,ads_sign,118,217,178,306
/media/ofotechjkr/storage01/tf_object_detection/models/model_name/training/train/ads_sign-harriz/JE0500DL1006T000_Driver_Cam_0000185.jpg,640,480,ads_sign,3,165,64,226
/media/ofotechjkr/storage01/tf_object_detection/models/model_name/training/train/ads_sign-harriz/RN4900UL1000T009_Driver_Cam_0001592.jpg,800,600,ads_sign,188,194,258,254
/media/ofotechjkr/storage01/tf_object_detection/models/model_name/training/train/ads_sign-harriz/RN4900UL1000T009_Driver_Cam_0001368.jpg,800,600,ads_sign,584,186,642,234
/media/ofotechjkr/storage01/tf_object_detection/models/model_name/training/train/ads_sign-harriz/MA0700UL1000T011_Passenger_Cam_0001302.jpg,800,600,ads_sign,98,148,205,248
/media/ofotechjkr/storage01/tf_object_detection/models/model_name/training/train/ads_sign-harriz/MA0700UL1000T011_Passenger_Cam_0001302.jpg,800,600,ads_sign,220,295,367,362
/media/ofotechjkr/storage01/tf_object_detection/models/model_name/training/train/ads_sign-harriz/JE0800DL1018T000_Driver_Cam_0003293.jpg,640,480,ads_sign,482,171,531,257
/media/ofotechjkr/storage01/tf_object_detection/models/model_name/training/train/ads_sign-harriz/JE0800DL1018T000_Passenger_Cam_0003308.jpg,640,480,ads_sign,148,105,296,214
/media/ofotechjkr/storage01/tf_object_detection/models/model_name/training/train/ads_sign-harriz/PE3100UL1000T003_Passenger_Cam_0000081.jpg,800,600,ads_sign,696,169,800,266
/media/ofotechjkr/storage01/tf_object_detection/models/model_name/training/train/ads_sign-harriz/PE3100UL1000T003_Passenger_Cam_0000081.jpg,800,600,traffic_sign,298,319,430,490
/media/ofotechjkr/storage01/tf_object_detection/models/model_name/training/train/ads_sign-harriz/JE0800DL1018T000_Passenger_Cam_0003649.jpg,640,480,ads_sign,101,43,309,140
/media/ofotechjkr/storage01/tf_object_detection/models/model_name/training/train/ads_sign-harriz/RN1300DL1001T000_Driver_Cam_0000152.jpg,800,600,ads_sign,331,160,459,240
/media/ofotechjkr/storage01/tf_object_detection/models/model_name/training/train/ads_sign-harriz/PE2907UL1000T001_Passenger_Cam_0000007.jpg,800,600,ads_sign,630,172,728,300
/media/ofotechjkr/storage01/tf_object_detection/models/model_name/training/train/ads_sign-harriz/RN4900DL1009T000_Driver_Cam_0001700.jpg,800,600,ads_sign,192,202,255,250
/media/ofotechjkr/storage01/tf_object_detection/models/model_name/training/train/ads_sign-harriz/JE0100DL1010T000_Passenger_Cam_0000008.jpg,640,480,ads_sign,556,199,613,262
/media/ofotechjkr/storage01/tf_object_detection/models/model_name/training/train/ads_sign-harriz/PE3001UL1000T001_Passenger_Cam_0000030.jpg,800,600,ads_sign,431,294,571,389
/media/ofotechjkr/storage01/tf_object_detection/models/model_name/training/train/ads_sign-harriz/RN0700UL1000T016_Driver_Cam_0002609.jpg,800,600,ads_sign,264,112,430,282
/media/ofotechjkr/storage01/tf_object_detection/models/model_name/training/train/ads_sign-harriz/RN0700UL1000T016_Driver_Cam_0002609.jpg,800,600,ads_sign,71,141,236,272
/media/ofotechjkr/storage01/tf_object_detection/models/model_name/training/train/ads_sign-harriz/RN1300DL1001T000_Passenger_Cam_0000048.jpg,800,600,ads_sign,225,50,390,183
/media/ofotechjkr/storage01/tf_object_detection/models/model_name/training/train/ads_sign-harriz/JE0701UL1000T001_Driver_Cam_0000284.jpg,640,480,ads_sign,138,169,290,249
/media/ofotechjkr/storage01/tf_object_detection/models/model_name/training/train/ads_sign-harriz/PE3002UL1000T001_Driver_Cam_0000081.jpg,800,600,ads_sign,103,238,172,298
/media/ofotechjkr/storage01/tf_object_detection/models/model_name/training/train/ads_sign-harriz/PE3100DL1003T000_Passenger_Cam_0000441.jpg,800,600,ads_sign,621,203,719,257
/media/ofotechjkr/storage01/tf_object_detection/models/model_name/training/train/ads_sign-harriz/TE1300UL1000T027_Passenger_Cam_0000231.jpg,640,480,ads_sign,255,192,417,316
/media/ofotechjkr/storage01/tf_object_detection/models/model_name/training/train/ads_sign-harriz/RN3200UL1000T003_Passenger_Cam_0000092.jpg,800,600,ads_sign,578,134,712,276
/media/ofotechjkr/storage01/tf_object_detection/models/model_name/training/train/ads_sign-harriz/RN0300UL1000T003_Driver_Cam_0000161.jpg,800,600,ads_sign,665,199,722,245
/media/ofotechjkr/storage01/tf_object_detection/models/model_name/training/train/ads_sign-harriz/RN0300UL1000T003_Passenger_Cam_0000041.jpg,800,600,ads_sign,239,280,309,359
/media/ofotechjkr/storage01/tf_object_detection/models/model_name/training/train/ads_sign-harriz/JE0800UL1000T018_Driver_Cam_0003145.jpg,640,480,ads_sign,559,157,636,205
/media/ofotechjkr/storage01/tf_object_detection/models/model_name/training/train/ads_sign-harriz/RN1300DL1001T000_Passenger_Cam_0000044.jpg,800,600,ads_sign,457,13,544,141
/media/ofotechjkr/storage01/tf_object_detection/models/model_name/training/train/ads_sign-harriz/JE0800DL1018T000_Driver_Cam_0003294.jpg,640,480,ads_sign,519,168,575,267
/media/ofotechjkr/storage01/tf_object_detection/models/model_name/training/train/ads_sign-harriz/JE0800UL1000T018_Passenger_Cam_0001118.jpg,640,480,ads_sign,566,108,620,195
/media/ofotechjkr/storage01/tf_object_detection/models/model_name/training/train/ads_sign-harriz/RN0300UL1000T003_Driver_Cam_0000017.jpg,800,600,ads_sign,215,261,279,321
/media/ofotechjkr/storage01/tf_object_detection/models/model_name/training/train/ads_sign-harriz/JE0900UL1000T003_Driver_Cam_0000689.jpg,640,480,ads_sign,453,200,509,258
/media/ofotechjkr/storage01/tf_object_detection/models/model_name/training/train/ads_sign-harriz/JE1500UL1000T014_Passenger_Cam_0000722.jpg,640,480,ads_sign,119,29,266,171
/media/ofotechjkr/storage01/tf_object_detection/models/model_name/training/train/ads_sign-harriz/JE1500UL1000T014_Passenger_Cam_0000722.jpg,640,480,ads_sign,258,150,413,272
/media/ofotechjkr/storage01/tf_object_detection/models/model_name/training/train/ads_sign-harriz/JE1500UL1000T014_Passenger_Cam_0000722.jpg,640,480,ads_sign,401,86,473,170
/media/ofotechjkr/storage01/tf_object_detection/models/model_name/training/train/ads_sign-harriz/PE2907UL1000T001_Driver_Cam_0000095.jpg,800,600,ads_sign,65,234,152,287
/media/ofotechjkr/storage01/tf_object_detection/models/model_name/training/train/ads_sign-harriz/RN0500DL1001T000_Passenger_Cam_0000236.jpg,800,600,ads_sign,637,260,738,345
/media/ofotechjkr/storage01/tf_object_detection/models/model_name/training/train/ads_sign-harriz/RN0500DL1001T000_Passenger_Cam_0000236.jpg,800,600,traffic_sign,171,133,243,226
/media/ofotechjkr/storage01/tf_object_detection/models/model_name/training/train/ads_sign-harriz/RN4900UL1000T009_Passenger_Cam_0000059.jpg,800,600,ads_sign,700,178,784,249
/media/ofotechjkr/storage01/tf_object_detection/models/model_name/training/train/ads_sign-harriz/PE3001DL1001T000_Driver_Cam_0000059.jpg,800,600,ads_sign,1,226,60,339
/media/ofotechjkr/storage01/tf_object_detection/models/model_name/training/train/ads_sign-harriz/RN4900UL1000T009_Driver_Cam_0001624.jpg,800,600,ads_sign,602,190,669,246
/media/ofotechjkr/storage01/tf_object_detection/models/model_name/training/train/ads_sign-harriz/JE0500DL1006T000_Driver_Cam_0000073.jpg,640,480,ads_sign,512,184,574,251
/media/ofotechjkr/storage01/tf_object_detection/models/model_name/training/train/ads_sign-harriz/JE0800UL1000T018_Driver_Cam_0000457.jpg,640,480,ads_sign,145,184,211,289
/media/ofotechjkr/storage01/tf_object_detection/models/model_name/training/train/ads_sign-harriz/JE0800DL1018T000_Driver_Cam_0003342.jpg,640,480,ads_sign,117,145,151,208
/media/ofotechjkr/storage01/tf_object_detection/models/model_name/training/train/ads_sign-harriz/JE0500DL1006T000_Passenger_Cam_0000759.jpg,640,480,ads_sign,217,34,331,118
/media/ofotechjkr/storage01/tf_object_detection/models/model_name/training/train/ads_sign-harriz/TE1300UL1000T027_Passenger_Cam_0000130.jpg,640,480,ads_sign,341,202,423,269
/media/ofotechjkr/storage01/tf_object_detection/models/model_name/training/train/ads_sign-harriz/RN0300UL1000T003_Driver_Cam_0000659.jpg,800,600,ads_sign,88,177,156,220
/media/ofotechjkr/storage01/tf_object_detection/models/model_name/training/train/ads_sign-harriz/RN0300UL1000T003_Driver_Cam_0000659.jpg,800,600,ads_sign,214,199,303,246
/media/ofotechjkr/storage01/tf_object_detection/models/model_name/training/train/ads_sign-harriz/RN4900UL1000T009_Passenger_Cam_0001379.jpg,800,600,ads_sign,365,429,593,600
/media/ofotechjkr/storage01/tf_object_detection/models/model_name/training/train/ads_sign-harriz/PE2907UL1000T001_Driver_Cam_0000006.jpg,800,600,ads_sign,20,186,88,272
/media/ofotechjkr/storage01/tf_object_detection/models/model_name/training/train/ads_sign-harriz/TE1300UL1000T027_Passenger_Cam_0000208.jpg,640,480,ads_sign,334,117,436,195
/media/ofotechjkr/storage01/tf_object_detection/models/model_name/training/train/ads_sign-harriz/PE2912UL1000T001_Passenger_Cam_0000194.jpg,800,600,ads_sign,184,219,336,362
/media/ofotechjkr/storage01/tf_object_detection/models/model_name/training/train/ads_sign-harriz/JE0100UL1000T010_Driver_Cam_0000401.jpg,640,480,ads_sign,133,189,182,277
/media/ofotechjkr/storage01/tf_object_detection/models/model_name/training/train/ads_sign-harriz/JE0100UL1000T010_Driver_Cam_0000401.jpg,640,480,ads_sign,36,147,192,194
/media/ofotechjkr/storage01/tf_object_detection/models/model_name/training/train/ads_sign-harriz/RN1300UL1000T001_Passenger_Cam_0000050.jpg,800,600,ads_sign,621,231,743,351
/media/ofotechjkr/storage01/tf_object_detection/models/model_name/training/train/ads_sign-harriz/RN0100UL1000T005_Passenger_Cam_0000066.jpg,800,600,ads_sign,520,293,624,369
/media/ofotechjkr/storage01/tf_object_detection/models/model_name/training/train/ads_sign-harriz/JE0701UL1000T001_Driver_Cam_0000188.jpg,640,480,ads_sign,91,163,184,238
/media/ofotechjkr/storage01/tf_object_detection/models/model_name/training/train/ads_sign-harriz/TE1300UL1000T027_Driver_Cam_0003026.jpg,640,480,ads_sign,59,176,158,249
/media/ofotechjkr/storage01/tf_object_detection/models/model_name/training/train/ads_sign-harriz/JE1500UL1000T014_Passenger_Cam_0000985.jpg,640,480,ads_sign,228,205,375,354
/media/ofotechjkr/storage01/tf_object_detection/models/model_name/training/train/ads_sign-harriz/RN5100UL1000T004_Driver_Cam_0000786.jpg,800,600,ads_sign,182,190,262,259
/media/ofotechjkr/storage01/tf_object_detection/models/model_name/training/train/ads_sign-harriz/JE0100UL1000T010_Passenger_Cam_0002080.jpg,640,480,ads_sign,153,82,262,170
/media/ofotechjkr/storage01/tf_object_detection/models/model_name/training/train/ads_sign-harriz/PE2912UL1000T001_Passenger_Cam_0000040.jpg,800,600,ads_sign,648,189,785,289
/media/ofotechjkr/storage01/tf_object_detection/models/model_name/training/train/ads_sign-harriz/JE0500UL1000T006_Passenger_Cam_0000408.jpg,640,480,ads_sign,148,234,273,332
